monto_cop,hora,distancia_km,ingreso_mensual_cop,fraude
209298,5,1.1,1059502,0
17769,0,62.2,2723364,0
79272,6,7.4,3426385,0
1136305,2,66.2,1845624,1
2910603,21,88.2,4148969,1
524475,22,36.3,991627,0
205339,12,5.8,1717420,0
33702,1,22.9,4381420,0
737508,14,3.3,6529245,0
259239,8,14.9,6762716,0
100565,8,6.9,1154646,0
65419,15,19.8,2023212,0
59666,15,34.2,6344322,0
22451,1,12.2,2225810,0
39785,20,48.7,5329972,0
107239,18,22.4,2472702,0
470782,21,59.7,1476390,0
133918,21,21.2,1681243,0
7220,23,14.6,7276185,1
227675,6,5.1,2091944,0
278547,19,15.4,3957185,0
80814,7,0.8,2654924,0
33834,0,9.0,2248889,0
336804,11,0.1,3262205,1
210690,7,2.0,2269042,0
64259,3,3.4,4183519,0
22562,20,15.9,6744417,0
208118,11,20.1,1677114,0
122160,18,24.0,8065766,0
63753,21,8.7,7661235,0
89046,8,44.5,1504190,0
52305,7,6.7,2604105,0
110754,20,4.2,2537215,0
300794,11,77.6,3939733,1
12252,13,0.2,2632004,0
91902,0,24.3,3399588,0
605789,7,38.1,3557189,0
291158,16,87.6,3662002,1
78994,11,0.8,7237633,0
385216,22,2.4,1821822,0
23482,22,17.2,4211342,0
272443,7,16.1,4082431,0
243546,0,44.2,4231181,1
67077,4,28.0,4861084,0
44628,18,18.3,1861799,0
138445,19,0.4,4267286,0
128613,21,5.7,3811913,0
108686,17,4.2,950000,0
5000500,4,134.8,3540072,1
37424,6,6.9,5204263,0
474039,1,100.3,4658245,1
18299,5,23.3,2797180,0
142438,13,29.1,1439047,0
287772,12,10.9,4223847,0
16240,22,9.7,2168912,0
39297,0,19.2,1742144,0
147316,11,1.8,5987583,0
298929,15,2.2,1769487,1
322096,5,7.6,5207841,0
969617,15,7.3,1015797,0
56595,6,4.2,8314103,0
784094,3,43.8,4192329,1
101888,5,2.1,4123985,0
74206,23,1.4,2657233,0
62209,1,18.2,4704605,0
247651,23,26.0,6657276,0
124051,0,1.0,5417178,0
14027,21,9.3,4198607,0
542528,3,17.9,5288210,0
99277,1,2.1,8712217,0
7590868,20,37.1,2381441,1
113582,13,1.2,3430399,0
35415,20,10.7,16000000,0
1365426,4,27.1,4153103,1
175660,21,55.2,2704807,1
335125,20,5.0,2065570,0
197789,12,43.3,1995718,0
103981,19,0.0,1506620,0
327709,12,3.6,8502980,0
313058,14,2.0,1302210,0
104505,22,7.7,5885817,0
152659,14,46.4,5197358,0
56283,15,5.9,1984702,0
297888,7,4.5,2645676,0
31302,5,204.4,3363559,1
125262,4,2.1,4530076,0
372812,23,23.0,4176924,0
30817,15,14.1,3146231,0
18861,0,281.2,3320205,1
181142,14,0.1,1771289,0
101237,18,7.4,3106067,0
107140,2,14.7,3590651,0
48287,20,27.1,3780553,0
222304,19,4.7,1974092,0
989886,4,10.4,3137063,0
174312,22,41.1,5050353,0
926278,14,26.7,2215872,1
33403,22,8.9,2591782,0
83724,0,7.3,3140094,0
167205,15,10.0,2784345,0
275995,7,51.9,7374032,0
70489,5,8.3,4593738,0
146124,3,1.9,5634342,0
59993,22,1.5,2664356,0
141062,7,5.4,1770879,0
662898,10,5.4,2755404,0
73703,21,16.0,4839686,0
175638,3,27.7,2969864,0
78832,12,4.2,8797463,0
109849,22,17.6,1989503,0
68857,15,28.2,3459142,0
59834,2,12.5,3899677,0
50382,12,14.5,1300227,0
142635,19,6.3,1664705,0
304731,10,12.3,2006444,0
26510,17,0.5,3288377,0
44360,14,0.6,3219419,0
7534,14,8.7,4628445,0
92422,1,1.5,8358220,0
515215,1,8.5,2516433,0
92411,11,15.4,5028816,0
451776,15,11.8,5101664,0
33588,13,27.3,3607086,0
54004,5,16.1,3972497,0
206370,10,14.5,7053749,0
170012,16,2.1,2643974,0
43047,23,28.3,4367834,0
65960,19,1.4,7440094,0
130354,13,0.2,3958930,0
196929,14,6.2,1050835,0
42234,0,12.5,1931229,0
245146,15,6.5,5963405,0
202814,10,20.1,1801558,0
213356,10,35.3,4570934,0
465452,20,14.3,2947902,0
260720,9,12.9,2956505,0
99280,13,15.7,7770135,0
84419,22,74.7,2642551,0
248559,8,15.4,4419926,0
41874,2,11.1,7239310,0
217378,22,1.1,3316296,0
311244,14,34.6,2712174,0
319969,0,1.9,2437822,0
349438,0,15.2,2925840,0
116930,20,7.9,5462672,0
107318,16,10.5,1916503,0
218902,1,6.0,4362178,0
81752,0,5.2,3958574,0
24700,22,3.6,3084002,0
50098,6,21.4,7903009,0
76207,20,4.1,3533532,0
322327,16,8.3,2731763,0
56057,21,12.3,4135470,0
2349463,7,85.6,7081097,1
128146,13,29.1,2018952,0
24976,22,3.2,1100702,0
429381,18,0.5,2027587,0
17549,11,12.8,6075235,0
140583,5,2.0,2099201,0
206627,11,19.7,3708390,0
469463,0,102.8,1762480,1
90125,1,9.8,2240999,0
18218,5,17.6,2890941,0
236035,11,3.3,2184820,0
290156,18,14.3,3577657,0
35547,13,17.0,3177961,0
31435,0,4.5,950000,0
457699,19,5.4,1517344,0
73602,15,14.2,3333599,0
98653,18,18.4,2596342,0
61118,7,1.3,2443122,0
40169,18,3.0,1567311,0
293929,0,77.1,7759762,1
19936,23,1.8,8018258,0
288766,2,7.3,3257968,0
96426,9,20.3,2119591,0
66834,11,12.9,2985995,0
30069,20,4.7,4717957,0
37819,5,12.7,2491307,0
54092,1,20.5,3930610,0
37889,7,41.8,7517622,0
612938,1,61.9,2390944,1
190021,16,4.2,3602129,0
67205,14,43.9,3089768,0
159862,15,0.9,1547812,0
254402,20,18.8,4192121,0
16327,14,10.9,7135912,0
3048758,0,147.9,3894307,1
109924,12,1.3,1603005,0
141189,20,10.1,3869997,0
1215746,2,9.6,3407430,1
97473,1,11.9,2089180,0
15022,19,0.8,2490005,0
234820,19,15.2,7809429,0
28184,13,4.4,2533739,0
116108,7,40.6,3064061,0
708495,1,9.0,4621312,0
457140,2,5.6,2894636,0
32707,2,18.7,4361182,0
167188,1,0.8,1294986,0
131872,23,22.6,2810166,0
16936,13,8.4,4349772,0
111089,22,9.9,3483320,0
29349,4,1.1,1635154,0
16617,4,0.3,1390721,0
384775,22,13.5,4254833,0
109995,11,1.4,6408465,0
65730,10,10.7,3711913,0
74081,11,17.1,2947941,0
643094,0,29.9,1988909,0
896709,2,5.3,7920738,0
87899,11,58.5,8875105,0
137608,14,25.3,3928569,0
43619,5,7.1,2467363,0
459163,13,3.4,6032739,0
206237,15,18.9,6321834,1
89334,4,29.2,1501516,0
20331,2,12.3,4804953,0
1070418,23,6.5,2927342,0
382374,2,4.5,7890260,0
169070,23,5.7,6296098,0
490751,20,1.0,4539794,0
241460,4,24.8,1842339,0
44149,15,16.9,2976717,0
227734,20,0.5,3017577,0
327660,19,15.4,3088065,0
164210,12,0.4,2533865,0
57279,6,0.3,5489633,0
328887,18,20.2,2780086,0
347920,10,33.6,8951174,0
44692,2,4.8,3315803,0
678578,17,6.9,3056833,0
52573,10,12.1,1442859,0
452910,20,27.5,4116842,0
82957,10,12.9,2768931,0
231158,2,23.0,3766139,0
239384,20,24.2,11934112,0
117875,0,11.1,1687251,0
115694,9,0.7,5304905,0
101970,5,18.4,1214192,0
130571,23,9.8,4730432,0
177804,8,0.6,2189984,0
72444,7,29.1,14659875,0
52199,0,11.3,6075039,0
49986,4,11.4,2045538,1
79296,13,39.3,1878083,0
72051,2,18.5,3673333,0
59753,21,6.4,14899181,0
57692,19,4.1,1137502,0
261767,16,21.6,2940216,0
523936,7,2.6,2120044,0
89919,12,4.5,2512788,0
210608,13,1.6,4560561,0
424325,11,102.3,1450410,1
99269,1,44.2,2899378,0
626454,6,20.4,2419603,0
169392,3,2.5,3520246,0
283361,5,11.2,2312517,0
143586,4,0.2,3171027,0
422065,17,16.6,4013759,0
53625,23,6.2,1036685,0
488889,12,7.6,2860523,0
170798,3,17.1,3958955,0
2039365,22,0.5,2863158,0
81490,4,5.8,2857660,0
307159,11,16.7,6525091,1
29024,20,5.3,3642733,0
70451,16,1.8,4106134,0
154037,8,14.9,5816674,0
44838,6,8.1,2420092,0
202473,8,2.6,2043591,0
30638,1,14.1,4407585,0
109621,6,2.0,1012174,0
192102,15,3.9,1407928,0
36035,18,17.0,5209321,0
161527,12,22.5,1772574,0
18944,19,23.9,1882458,0
31311,19,11.5,4111448,0
788157,13,15.3,3495877,0
1342137,13,255.5,2106573,1
165909,2,3.7,3072785,0
363909,23,5.3,2743397,0
11943,16,14.2,2596459,0
67085,4,8.9,2339097,1
111442,5,15.1,2451484,0
197127,9,20.9,4381911,0
113830,14,6.1,13068413,0
670477,2,8.9,1620532,0
83246,9,3.6,3863357,0
507732,9,23.9,1218547,1
111024,17,4.2,2281059,0
12139,12,8.2,1743288,0
156460,11,11.4,1565145,0
285438,15,5.6,2260884,0
203615,3,4.3,1730767,0
47789,14,30.6,4900666,0
532460,10,217.0,4995573,1
196805,16,18.4,1880276,0
90596,4,8.8,6231550,0
312088,23,6.2,8959565,1
154040,0,16.2,1951602,0
96720,7,18.6,2201526,0
31307,8,1.1,1502412,0
447306,19,7.1,5204356,0
247051,11,4.4,3043829,0
60302,5,92.1,2801893,1
1028565,20,3.7,6678951,0
95520,19,7.3,2327778,0
311879,6,0.2,2327777,0
202458,17,4.1,3054384,0
187561,3,7.7,2440155,0
91172,23,4.3,1081259,0
229876,19,13.9,3306251,0
500304,20,33.6,2981785,0
322232,3,6.2,3946909,1
214635,9,1.0,3568464,0
21349,5,6.5,2723130,0
258209,13,7.9,4495818,0
30391,10,22.4,2409055,0
137060,9,0.2,2275525,0
33487,7,15.6,4227785,0
31664,20,8.4,3269652,0
268994,3,0.9,3974466,0
353953,4,54.5,8148510,0
40305,6,13.6,2752250,0
58214,13,30.2,4103767,0
47906,21,37.2,4108489,0
512215,4,2.1,2881468,0
210165,15,2.6,5283333,0
38572,2,2.2,3321332,0
59223,4,42.2,10267205,0
278373,0,26.1,5030072,0
128900,11,16.7,6192291,0
142955,9,0.5,7109123,0
159089,3,16.9,5967434,0
31001,3,25.9,2695243,0
31790,4,233.0,1967956,1
62693,23,8.5,3823665,0
66168,16,4.4,2869689,0
251260,20,0.9,2368339,0
120768,19,37.3,3865061,0
3693594,3,49.1,4323184,1
15762,17,5.7,1713941,0
569271,22,1.4,2820451,0
499562,4,9.9,3984290,0
361658,21,3.2,1774524,0
1835735,15,131.8,4171948,1
359517,3,9.0,2818436,0
56382,22,15.4,3177879,1
353023,13,2.2,8667111,0
884253,1,49.4,2762622,1
77166,12,7.0,3473017,0
286497,17,26.0,8266899,0
27168,14,17.3,3626754,0
77890,14,27.4,16000000,0
543831,18,6.9,2899928,0
42265,19,8.0,2530612,0
72356,6,19.6,2784864,0
61919,18,12.6,3499632,0
15203,3,18.2,4990525,0
188121,18,24.1,2454872,0
143199,4,32.0,3272114,0
173621,19,9.2,1609967,0
201247,9,20.1,7080162,0
36804,7,13.8,5178044,0
316306,13,22.9,5293433,1
65681,2,0.1,4486136,0
55498,5,10.4,11498428,0
29466,11,19.6,2405917,0
34099,18,37.0,2835726,0
25167,23,9.1,6289402,0
57826,5,2.1,2801561,0
171618,17,1.2,3323027,0
10334,13,3.6,4135656,1
142944,2,10.8,2665372,0
197814,23,7.0,1170534,0
445934,5,29.8,7170197,0
483930,12,4.1,4357679,0
265425,8,13.2,5147474,0
34957,17,1.5,3292957,0
352718,4,0.3,12184804,0
415802,12,14.7,2156495,0
36140,7,16.8,6006735,0
9595,9,10.7,4053446,0
70426,19,14.1,3774873,0
350519,20,3.3,1361327,0
47367,18,19.3,3582357,0
80000,13,11.6,4310734,0
572648,22,16.6,3182854,0
150382,17,3.2,2984607,0
3191043,19,45.3,1683726,1
1501221,21,60.0,2415374,0
288133,7,11.1,6004194,0
44634,0,3.8,3063529,0
97920,8,4.2,1718518,0
427122,16,1.2,2345867,0
66578,7,1.0,3159189,0
112863,6,7.8,5004590,0
160007,19,11.8,950000,0
37712,9,15.5,3441032,0
177597,10,23.3,2080104,0
289737,5,11.6,4702402,0
744839,11,29.3,2891795,0
159167,22,4.3,3196672,0
302118,12,13.3,3136428,0
42132,11,14.5,1583863,0
109242,17,43.7,4043040,0
30293,8,57.9,3073880,0
2301040,3,66.5,5453012,1
2090634,3,54.0,6929735,1
68425,23,1.5,10063185,0
25537,22,4.1,4536206,0
348423,9,8.6,2620172,0
312305,20,2.8,1352415,0
90727,9,1.5,9355916,0
183855,12,1.0,1867590,0
298415,4,126.8,2928372,1
88566,2,1.4,3124157,0
5531372,1,144.2,1594518,1
156620,11,17.4,4263952,0
168763,21,24.7,3916585,0
119034,5,17.3,3572894,0
117058,4,6.3,5721952,0
231737,21,7.8,4157910,0
160870,10,2.1,6894216,0
11764,4,40.2,1843361,0
44779,12,27.5,3603291,0
21298,19,1.1,2671166,0
164808,6,10.3,4468591,0
1628123,23,80.3,6220517,1
5924960,4,30.2,1542185,1
99318,14,14.4,5691932,0
34078,6,7.3,4810208,0
89881,14,4.2,4666012,0
104657,7,1.1,5147861,0
21276,15,1.7,6233174,0
35704,11,1.6,3469696,0
442653,6,6.7,6899219,0
65980,13,5.9,6806766,0
120723,2,7.4,3164337,0
259812,22,3.4,4253236,0
223034,12,12.0,6235605,0
25199,11,10.8,4323858,0
68641,13,13.9,4247187,0
359313,15,23.9,3123369,0
140214,21,21.0,1682453,0
264263,16,1.9,2222347,0
2855091,22,67.7,6302430,1
205623,9,50.4,6344013,0
99145,0,35.3,4753898,0
96157,3,13.5,9266533,0
113371,7,25.9,6656318,0
20704,6,16.1,2891464,0
28129,20,6.5,3521749,0
1291414,0,1.4,1785109,0
108941,16,0.4,2037138,0
1572279,22,5.9,3328325,0
26585,10,1.6,1623615,0
54939,21,18.7,2305437,0
96661,9,21.0,8424083,0
43809,11,17.3,1892688,0
14577,18,17.2,4469486,0
151329,5,9.4,4065496,0
198013,9,10.6,3018676,0
479911,11,24.2,4909646,1
535764,17,8.5,3589967,0
37553,1,49.4,1769244,0
13633086,18,21.6,3299086,1
78041,6,1.4,2877586,0
38076,20,14.7,3102522,0
34705,15,19.9,6959680,0
1080216,1,59.2,6479858,1
32369,3,7.4,4136367,0
53822,1,17.4,3713279,0
96774,23,22.6,8195865,0
11745,7,13.4,6095901,0
3604973,22,133.3,5365833,1
36274,4,0.5,1317309,0
55123,16,11.0,6509668,0
93364,13,2.9,1979587,0
503186,19,15.0,6411226,0
107436,20,12.2,3263254,0
26543,1,6.3,1684457,0
66109,3,16.8,2448280,0
467242,19,6.6,2121807,0
183420,5,16.5,4479490,0
232784,3,4.5,15013114,0
21798,4,0.9,1516040,0
84045,8,6.5,3468670,0
423872,5,0.7,3014565,0
95009,15,20.2,3702905,0
307883,2,15.6,3273017,0
12446,11,2.8,9484291,0
110873,9,12.7,1898715,0
371589,11,3.1,7390079,0
145440,19,2.2,16000000,0
135920,6,4.1,5379497,0
92416,22,4.1,2862495,0
457981,15,25.6,2622108,0
166746,0,8.3,3372229,0
52146,20,3.9,2222742,0
18681,2,3.6,2145013,0
51676,6,0.2,7060043,0
37865,0,16.5,4116929,0
129303,21,1.1,5395944,0
45215,21,10.1,2069393,0
1404171,4,10.7,2523249,1
115466,16,2.2,2244918,0
6876,3,11.5,2810004,0
71146,3,24.6,3145377,0
131243,0,6.9,5231674,0
87271,15,16.3,8315249,0
20798,23,0.5,6355571,0
140126,18,17.3,4785936,0
34154,20,45.2,8373225,0
32674,1,2.9,10343984,0
325619,18,10.6,2163466,0
500100,2,36.2,1005090,1
78075,13,13.7,950000,0
45512,14,12.9,2888139,0
219001,21,8.1,1336976,0
83941,16,1.7,1669606,0
399776,21,0.1,5061714,0
139519,2,10.5,3518765,0
88167,16,3.6,1204637,0
87297,1,8.1,1606479,0
111098,7,9.5,3352811,0
759752,17,38.6,4140292,0
147402,7,7.1,2158537,0
268700,9,11.6,2820031,0
121116,23,0.3,2523355,0
99718,5,9.0,3799639,0
1811841,0,34.4,5238191,1
146530,0,0.8,2247488,0
158922,3,14.1,2258613,0
81785,2,5.4,5644688,0
74655,15,24.8,1164724,0
76389,7,12.7,4972170,0
893499,1,167.7,3152212,1
86272,23,8.0,4286910,0
17721,9,21.8,3552129,0
318140,5,25.7,10437431,0
132311,8,47.0,2330590,0
784450,9,3.0,2658466,0
347228,13,40.6,2818090,0
4115830,5,99.7,4938995,1
177397,20,0.1,4621407,0
213932,8,7.8,1492040,0
40812,12,5.4,3104906,0
131823,4,7.4,2337969,0
151885,3,42.4,3448529,0
42099,2,1.6,7701430,0
2955126,4,53.0,2219905,1
93225,0,9.8,4565217,0
599049,4,11.0,2346512,0
567294,12,14.0,3901253,0
354539,10,8.0,2062819,1
491585,20,0.7,2920556,0
164719,14,11.1,5597067,0
15000000,2,4.4,4813267,1
95075,10,6.8,2473398,0
38784,7,73.2,2662663,1
31474,11,16.6,6820012,0
72038,9,1.0,2695657,0
136570,21,11.1,1569244,0
132533,8,14.6,8357444,0
159566,1,5.1,6806482,0
175080,7,6.5,2673889,0
97789,15,15.0,1390322,0
126966,2,1.0,2758368,0
10071,9,21.5,2614333,0
5212599,4,0.0,4084842,1
166758,11,6.7,1678878,0
112032,16,9.4,2939439,0
224079,4,4.9,2971088,0
86940,2,5.2,3293166,0
127023,1,10.6,3613390,0
162057,7,7.2,2072586,0
77385,8,7.8,2340536,0
114874,13,30.1,4472537,0
117706,14,10.9,3487082,0
48703,1,9.2,1921553,0
388999,18,12.3,4138976,0
137438,22,3.7,6425744,0
17775,5,51.8,2222020,0
320325,2,2.7,5792517,0
358670,1,15.5,1481012,0
74022,1,7.5,3246097,0
359126,9,7.9,4906704,0
18609,15,20.4,1636145,0
57937,15,11.5,8459963,0
276396,12,2.3,2118555,0
94548,8,4.6,5771385,0
55355,1,3.4,1954952,0
71758,4,20.3,1592923,0
43285,13,26.9,4993138,0
227673,17,9.1,16000000,0
27644,5,2.5,6133590,0
215524,12,9.0,8014900,0
78067,4,13.1,2396734,0
126529,9,0.3,4348783,0
27088,6,20.6,4913426,0
308339,15,21.4,2379979,0
233841,10,32.9,7630191,0
51163,0,17.8,3737799,0
101369,18,5.5,1236993,0
99155,12,0.2,3369252,0
2639285,15,256.0,6127147,1
670586,19,14.1,2664389,0
15093,19,14.8,4640821,0
49340,0,6.3,5502462,0
59148,21,15.9,3864940,0
6066,5,6.0,2640822,0
92309,5,2.3,4380234,0
149447,1,1.2,6123154,0
176332,0,5.9,5476846,0
114344,10,16.7,8172414,0
116051,7,23.0,3055762,0
62982,1,23.0,3943153,1
11021,8,17.1,1061501,0
1327173,3,27.0,3256554,1
144139,5,1.0,3862129,0
153844,21,7.6,3032096,0
731783,19,7.4,6895092,0
331085,14,0.9,3945715,0
21698,10,20.1,2611063,1
62670,3,3.9,4406568,1
34149,12,9.0,2162830,0
144720,2,25.6,5250457,0
107777,18,25.7,2214438,0
59719,23,0.3,2381952,0
220223,17,1.1,8758168,0
217301,23,23.1,1954959,0
55701,19,6.9,4559852,0
638998,4,26.8,2733116,1
193923,7,1.5,4922694,0
56435,14,19.5,3639523,0
102280,4,14.8,4366185,0
110184,11,2.7,3619987,0
452004,1,39.2,6561052,0
467610,14,1.3,2934402,0
92975,8,1.3,4473201,0
70221,8,32.3,2194379,0
129264,10,5.7,2481561,0
63103,19,83.4,4428707,0
469484,18,2.9,3188682,0
33664,21,18.6,5508813,0
287155,20,9.3,5857938,0
829016,5,2.7,2180969,0
100156,7,6.7,1373759,0
233809,2,4.8,1538343,0
258671,8,13.5,1180730,0
280629,18,5.5,7017791,0
193763,21,10.0,3614446,0
99735,13,6.6,4681397,0
284737,17,7.5,2122908,0
68081,17,11.4,1502979,0
29309,11,12.7,1674706,0
98064,19,26.8,3011418,0
312760,22,1.3,6480873,0
66181,5,25.9,2035430,0
942129,23,63.0,2665427,1
327951,14,8.8,967493,0
42121,17,91.3,5787625,0
775548,3,118.4,4776576,1
284610,6,13.7,3069220,0
102097,11,9.0,3181818,0
120830,8,17.1,3090510,0
57197,0,7.7,2457341,0
141649,10,1.0,7716904,0
127154,12,12.1,2261550,0
178126,15,9.9,3358258,0
136797,6,2.4,6806472,0
113175,19,0.4,1865376,0
72141,10,8.8,5331452,0
81470,2,29.7,3677039,0
168746,10,19.0,4700244,0
7106493,15,87.4,1669992,1
172614,5,14.5,3038776,0
22549,9,6.5,4579913,0
118486,22,58.7,3691859,0
85921,17,22.7,2013672,0
247220,7,2.1,9591999,0
147702,13,11.2,2362596,0
80812,10,1.5,7800901,0
76812,1,0.2,3202478,1
370713,16,11.9,3069433,0
121826,12,9.1,8419601,0
234443,18,10.1,3275699,0
64511,6,2.9,1349660,0
22970,17,0.7,1436498,0
95970,9,8.7,2890053,0
87885,16,10.3,3059588,0
88048,17,10.9,3887945,0
275113,3,7.7,3085781,0
151287,12,0.6,5184608,0
110539,23,43.1,2881794,0
73255,23,6.7,2679645,0
74510,2,56.2,3983257,1
47214,3,0.7,9032005,0
332437,4,18.4,2569411,0
234987,7,38.7,3799931,0
118601,11,1.8,1281900,0
860048,14,6.6,2295243,1
72591,7,0.5,4437049,0
87012,3,13.3,2591360,0
264183,14,0.9,5547230,0
311678,4,5.6,2269211,0
83405,5,6.1,4779015,0
333421,18,6.8,3660166,0
175879,21,5.9,3590808,0
101720,23,2.5,2733895,0
132593,4,14.7,1929159,0
48879,13,33.5,2309873,0
14258,20,7.1,4698466,0
127603,19,1.1,6029533,0
638982,3,30.7,3432745,0
32014,16,28.7,3111755,0
124867,18,0.3,2763051,0
82735,14,8.2,3520962,0
1046413,9,3.4,2498957,0
135261,5,4.3,9149147,1
387321,6,17.7,1329255,0
1302982,13,35.3,1540771,0
635029,23,23.8,7947520,0
16590,6,6.4,2218231,0
332010,0,22.6,16000000,0
79767,17,7.1,3672468,0
308612,22,17.3,5684168,0
470165,11,2.0,7909751,0
1122763,11,0.2,1798629,0
439962,7,8.7,2043503,0
237372,14,16.1,6077589,0
803548,13,49.6,5899045,1
711633,0,1.1,3434486,0
27139,13,19.6,2655251,0
259978,16,0.4,4152636,0
452136,23,0.9,2561822,0
32061,7,3.4,2328757,0
160443,4,16.9,4000993,0
9856263,22,32.8,3173764,1
79338,23,19.0,2512720,0
157734,10,67.7,2296890,0
2799471,0,16.1,5130041,1
293031,8,10.6,2985192,0
163714,3,26.2,11222466,0
373170,4,10.7,5418316,1
262130,16,9.3,8325202,0
279037,5,2.0,4576614,0
1380589,5,91.9,11785545,1
74618,1,39.9,982856,0
297315,11,2.9,7541279,1
188176,14,11.2,2874863,0
72365,8,2.7,2247616,0
789176,9,9.0,1903047,0
235274,9,19.7,3840168,0
203170,18,14.9,3281302,0
206008,18,122.7,2059729,1
522460,2,34.7,2768731,1
189428,8,0.4,4208504,0
76115,21,22.8,1951006,0
36687,5,130.9,1321123,1
247610,10,1.0,4105208,0
28169,6,21.3,3142346,0
13099,18,9.6,4238728,0
343443,4,10.7,3824824,0
67408,13,20.4,1404577,0
32408,4,17.7,2864250,0
1103668,14,10.8,3431470,0
106859,15,8.1,1916456,0
437348,23,180.4,1809490,1
65010,22,1.6,2137671,0
223850,10,3.9,5429304,0
145215,19,8.3,2812991,0
163650,6,9.1,5627910,0
767040,3,98.4,2598797,1
58785,4,8.9,5900753,0
119624,2,3.0,4025608,0
244367,4,46.7,2057640,1
122129,11,10.1,6686824,0
1648600,4,63.6,3219143,1
62033,12,11.9,5970246,0
562977,4,0.7,2712271,0
41123,12,32.3,3495380,0
357238,14,2.9,3827911,0
20143,19,29.5,2395752,0
417722,2,7.4,5229965,0
106785,14,1.4,1726787,0
382006,5,4.9,2624228,0
745435,19,112.6,1634018,1
106101,19,8.3,10229538,0
34266,1,35.9,3020933,0
73595,21,1.0,2705733,0
16539,9,11.1,3894500,0
103068,23,1.0,5875863,0
186623,4,2.9,2294113,0
123030,8,2.0,2067853,0
59094,9,2.3,2175210,0
132834,22,4.6,4120308,0
106451,16,35.8,3715036,0
82228,7,12.9,2954632,0
171167,6,20.8,1711757,1
46458,15,9.4,4578945,0
1930945,18,48.2,3245798,1
28852,13,14.7,2214698,0
36876,0,1.7,4959302,0
30246,15,2.2,1227652,0
101318,6,17.5,1911903,0
50263,3,13.4,5543745,0
3189654,14,88.2,4447938,1
49434,10,13.2,4197524,0
238517,17,6.8,2692117,0
63125,17,17.3,5035106,0
40595,0,23.2,3797679,0
148534,23,28.5,7433994,0
63403,10,7.0,1743872,0
428916,0,0.3,2307979,0
38846,3,26.2,1483876,0
192455,15,1.4,2538716,0
108976,22,3.1,2193895,0
56100,7,7.0,2149846,0
91052,11,18.8,3649798,0
47937,1,2.5,2348803,0
92512,5,3.1,1117036,0
217198,23,39.5,2575041,1
72341,5,19.6,3532022,0
135641,1,63.0,7079947,1
82062,11,11.8,4729149,0
196731,1,15.2,2453708,0
98313,8,18.6,4322851,0
1171161,15,38.4,2885688,1
110425,10,11.1,8297630,1
190330,0,8.3,4199411,0
214686,21,10.3,8281540,0
306189,5,5.5,4871230,0
15526,19,9.3,3462201,0
25353,2,4.7,1652387,0
114496,17,30.2,2226914,0
65008,2,16.4,1927216,0
80012,13,0.3,1661049,0
169922,2,6.6,2783411,0
75322,23,11.4,1012082,0
249992,8,10.8,1273450,0
65439,15,33.7,3936811,0
100529,15,28.5,2446203,0
17129,7,4.0,3926733,0
1126854,16,24.1,1195909,0
394135,3,157.9,4944744,1
3824009,14,4.3,3831688,0
114634,7,1.6,2933646,0
956453,10,5.1,1377814,0
1003959,10,12.3,6572784,0
189528,3,16.6,4646549,0
84687,17,7.2,1890861,0
477899,1,11.6,3181816,0
303502,12,1.8,3148052,0
48340,9,4.9,1427769,0
110779,0,0.9,4285153,0
117103,1,0.4,3071216,0
77160,14,6.9,9117685,0
91289,21,8.0,3175799,0
239681,17,15.7,2658452,0
146770,0,12.9,6418305,0
777046,11,7.8,2156229,0
130107,2,27.0,1869125,0
1049278,21,10.1,4007919,0
12879,14,8.8,9837951,0
147723,9,15.7,5827682,0
213522,10,18.3,4701249,0
545510,20,21.9,2496563,0
22721,22,8.4,4204550,0
215529,2,15.5,3115992,0
243707,12,9.7,4180514,0
30168,11,3.1,2514858,0
79968,8,17.2,1788747,0
20859,11,11.0,2666287,0
88327,4,11.1,1147828,0
41773,20,14.1,3655204,0
59189,20,16.5,3084644,0
15278,20,12.7,2605186,0
45180,11,0.7,10096000,0
802744,20,26.2,10985175,1
114095,8,2.7,2574710,0
284925,4,8.3,3116115,0
346370,8,20.6,3787308,0
52389,0,22.2,7502309,0
55972,3,1.5,5405518,0
86428,15,6.3,4184291,0
35392,21,16.4,3937085,0
273298,22,0.7,2267159,0
98726,6,7.4,5387240,0
313112,13,2.6,2480712,0
143298,4,17.8,5449393,0
91154,10,5.3,1179041,0
104403,23,6.8,2116181,0
191022,22,21.3,3984348,0
1940022,4,16.5,9595236,0
63772,11,4.6,4777505,0
173621,5,8.1,950000,0
108577,0,6.8,3256275,0
53198,11,5.5,4497745,0
459977,4,1.5,2004784,0
1477170,19,79.2,3168693,1
166299,16,7.8,5883896,0
84237,14,25.4,5727233,0
127554,20,7.6,4225233,0
7176348,2,21.8,2548538,1
218526,8,29.9,3998532,0
19208,13,4.3,3713365,0
113172,17,0.6,11156641,0
53674,8,6.6,8777995,0
87930,22,5.0,3796030,0
155865,3,105.8,2044827,1
26561,14,1.6,3117970,0
25352,10,60.1,9114958,0
112653,3,3.1,4602277,0
92458,23,5.0,2021996,0
138011,0,4.1,3983151,0
99087,9,0.0,6885450,0
83451,12,0.8,4501808,0
73664,1,5.1,2266128,0
93219,18,21.7,3489596,1
208274,6,1.6,6669552,0
241764,10,22.8,11079686,0
394394,2,6.5,1978725,0
33100,16,4.3,4786121,0
196304,14,1.2,3806714,0
70961,1,7.2,5955821,0
62280,23,1.3,2722173,0
270107,14,27.4,1522698,0
340583,20,48.5,2050826,0
719843,5,255.0,4685873,1
650431,21,10.4,1971468,0
20942,14,12.4,7730508,0
233824,11,6.1,3015967,0
25352,21,31.7,4814073,0
173100,8,23.5,1346936,0
136906,11,3.5,1867920,0
236173,7,6.4,7950120,0
113963,15,35.3,2929188,0
635934,4,14.8,5772603,0
242756,10,24.0,2391965,0
2368817,4,29.0,2840306,1
141440,23,16.8,5316889,0
1007617,23,21.5,2507156,0
535586,11,17.9,4303119,0
35036,20,3.0,1641646,0
84914,11,7.8,7192890,0
91013,11,7.2,3603348,0
190933,2,1.7,1408814,0
102181,18,3.0,4982606,0
136620,12,1.8,7347465,1
68430,14,10.3,3355225,0
240471,14,58.4,2182340,0
43473,10,12.2,2267747,0
126753,22,10.1,2659760,0
196210,13,15.6,2584447,0
175525,15,3.8,1784500,0
744604,0,3.4,5488425,1
31866,8,35.0,1657753,0
245490,2,5.3,2543418,0
179779,15,13.3,3835736,0
175502,7,22.6,3431569,0
93547,9,159.4,3882126,1
371373,1,0.4,4588660,0
144027,3,0.7,4250997,0
69347,4,15.4,5548376,0
1013861,10,56.2,3956019,1
65957,5,6.8,2278767,0
30503,5,19.6,4087776,0
78053,6,0.5,4357278,0
994044,22,2.7,2893234,0
532332,18,9.3,3643667,0
213975,20,8.6,2179785,0
40721,6,3.3,3294988,0
31471,5,3.5,4551428,0
31837,14,3.7,2864652,0
73516,12,31.4,7081506,0
193079,15,8.2,3176301,0
80326,3,13.1,4085593,0
56880,5,3.8,1882395,0
93414,8,1.6,4448361,0
29658,3,1.1,1061979,0
578518,22,19.6,4178255,0
20236,8,4.0,3239584,0
76281,3,178.9,3742974,1
17393,3,37.0,1974782,0
192458,17,29.2,3279333,0
81461,3,14.1,1903345,0
123627,8,4.2,5341742,0
207611,15,0.8,2383694,0
21270,10,5.0,1502905,0
133031,17,17.1,9611837,0
298828,22,8.8,1603387,0
67333,17,8.4,5076130,0
195590,2,24.6,1286509,0
595643,19,0.3,1932561,0
71089,14,5.0,1910150,1
92152,2,20.7,9975430,0
9047,3,9.5,11212291,0
26633,3,5.7,3916978,0
1402161,1,108.5,2197550,1
397036,20,4.3,1763731,0
817062,0,71.8,2984412,1
132692,3,1.7,4920570,0
68861,5,32.6,2313297,0
129941,2,4.7,3146994,0
261327,12,10.4,2309880,0
61329,13,0.6,3685446,0
63168,6,25.7,995569,0
77508,8,22.9,3338087,0
199068,12,59.5,3091784,0
234892,0,0.7,4717197,0
385141,3,224.3,3474258,1
65032,12,0.5,3507838,0
93114,19,34.9,1372643,0
40658,10,12.2,6979205,0
207200,23,42.3,2132377,0
946729,19,2.5,6946281,0
34249,14,35.0,6632414,0
105958,13,0.1,3477114,0
476972,3,1.4,8195991,1
34942,10,24.6,3037117,0
196033,12,56.9,2379967,0
146653,21,17.2,4006185,0
55409,15,17.1,3924281,0
91730,13,7.6,1427383,0
137853,9,17.0,2342921,0
103679,9,0.3,7084494,0
256558,12,13.6,5424376,0
165538,3,20.9,2744939,0
241431,21,30.8,3890075,0
121907,9,1.6,1625864,0
32994,23,9.1,3265891,0
38924,21,18.3,1791893,0
512943,22,12.2,3066324,0
154232,12,6.0,4982236,0
25527,9,19.2,5017520,0
185732,3,1.8,1851279,0
92424,13,26.8,2081928,0
189459,21,14.8,3543218,0
108514,0,3.4,1869799,0
16046,15,8.9,4569604,0
35410,8,15.6,3512197,0
129473,10,15.2,2491619,0
86900,19,3.1,5126820,0
62823,16,38.6,3458800,0
635136,7,122.0,1839757,1
240978,11,32.9,2645502,0
224560,9,31.5,2036827,0
1172639,19,34.7,4170206,0
1240401,0,33.2,2822828,1
59902,17,9.0,3086885,0
309645,5,15.1,2840609,0
55154,0,13.3,2755989,0
19491,3,8.2,1280458,0
217104,21,17.3,5583408,0
53339,2,16.1,950000,0
116712,6,4.9,2074629,0
33988,13,2.3,1209744,0
104365,22,31.7,4478394,0
207469,12,28.9,3173378,0
40491,23,8.6,5809661,0
657209,22,31.9,2600322,0
290490,4,20.4,2756868,0
191043,22,30.2,1714631,0
31840,3,10.7,4083538,0
84303,7,5.0,4247495,0
160300,12,0.2,2593166,0
115605,12,2.5,5188755,0
222091,1,33.1,6749594,0
214364,11,19.0,2222853,0
94861,20,42.9,3562858,0
264977,8,11.2,2445063,0
65455,14,26.7,4964431,1
285573,23,17.4,3896042,0
16740,17,4.2,3693421,0
360048,17,33.4,5032943,0
150251,11,16.7,4612303,0
100300,20,12.2,3740787,0
106415,7,40.9,1799916,0
1890025,19,1.2,2214499,0
79939,10,4.9,11130103,0
50565,2,0.1,6688045,0
98960,1,0.6,4236393,0
822130,0,226.8,3111132,1
159517,12,14.2,1270800,0
23317,22,2.1,1486960,0
39605,21,19.2,5941880,0
351973,4,0.9,2498159,0
109785,2,2.9,3802989,0
960905,18,14.4,3159290,0
45494,0,17.3,2734299,0
25801,12,4.5,1995259,0
797538,13,19.2,3071061,0
21582,13,10.6,4978748,0
185116,23,1.3,1958959,0
561161,20,20.8,2183845,0
45902,21,8.6,3028515,0
470223,20,5.3,1825632,0
512765,23,6.9,3562917,0
99734,4,3.9,8246960,0
20425,10,0.5,3439372,0
43724,23,18.8,2546660,0
25672,16,9.9,9369726,0
122600,3,2.0,3658897,0
73923,11,1.0,9197011,0
102372,16,14.6,3508134,0
36090,7,8.5,2939850,0
12328,22,1.2,3172068,0
72234,14,6.2,2321427,0
136767,10,18.0,2917219,0
274979,11,14.7,3238740,0
172749,18,2.2,4087104,0
210227,13,16.4,5006526,0
573479,2,23.2,2040023,0
82591,1,18.1,5885036,0
231264,2,5.8,3091937,0
111308,9,11.3,13774480,0
29346,6,18.0,6344715,0
161349,7,10.4,976599,0
15632,9,0.0,4361870,0
368511,23,3.5,2920796,0
99564,4,41.0,14703497,0
835479,19,2.9,6337102,0
535498,22,8.9,6188838,0
705796,15,0.5,2901377,0
811613,1,96.0,1875420,1
91666,15,33.5,3658784,0
1369972,21,15.0,4464496,0
139117,22,5.0,4590061,0
537389,22,6.0,2806092,0
92471,16,1.0,3297976,0
141184,2,3.2,3242217,0
93705,13,16.9,1500729,0
156930,18,2.3,2366033,0
308794,1,3.7,4535464,0
31023,11,9.4,968735,1
113480,10,0.1,1661635,0
85287,4,16.4,1083823,0
28805,13,15.9,5198819,0
154610,13,17.5,1118447,0
90556,1,8.8,5315637,0
71117,5,35.9,3145305,0
182745,5,8.3,3882738,0
60539,7,9.4,2793128,0
135618,20,6.2,3664107,0
324809,14,30.1,1481507,0
108082,15,10.0,2824309,1
75717,23,2.4,3085867,0
21526,16,3.1,2881559,0
47179,23,1.6,2869306,0
122915,12,26.5,2746911,0
173052,9,9.0,2351909,0
56972,3,13.3,5837740,0
177245,0,11.4,4730242,0
179139,2,1.1,10357051,0
68118,3,3.6,1443613,0
235631,17,8.1,4289905,0
297344,13,7.3,4242512,0
37523,13,12.1,2313366,0
55639,2,31.1,2699234,0
288635,18,9.8,1452678,0
134214,15,6.7,6503750,0
88610,23,29.6,3404153,0
153103,21,14.9,1973514,0
513051,20,18.9,1072931,0
425185,12,9.7,2026850,0
45546,16,1.5,1309185,0
33008,2,41.6,1579740,0
751072,0,3.6,1241909,0
71437,22,7.1,9020934,0
313622,4,4.0,8186141,0
65074,9,6.0,5764136,0
203897,18,12.0,3022776,0
174951,17,0.5,2496034,1
6204,19,27.1,5902455,0
146567,2,24.5,2369662,0
105864,9,24.2,2616148,0
111076,7,0.7,3266671,0
197423,9,20.0,1801890,0
348023,21,2.8,3389102,0
12279,5,12.9,8373383,0
89734,7,32.4,2308106,0
53667,20,7.1,2801921,1
387535,2,2.0,5241599,0
918523,14,4.5,2060246,0
38986,8,4.3,4666393,0
118259,18,0.9,950000,0
118489,11,2.2,11058737,0
29016,22,12.5,1742053,0
744682,21,2.6,1203859,0
71113,17,9.5,10648102,0
47950,12,2.5,4127312,0
183343,3,6.1,1508249,1
161385,4,1.7,2699266,0
190635,14,3.7,2450035,0
608867,1,70.5,9140547,0
358266,3,4.6,7206949,0
187057,6,13.7,1195592,0
177893,11,7.3,7268937,0
63119,23,17.7,4931837,0
199171,4,12.5,3957279,0
93703,9,13.4,8529091,0
109156,5,4.1,10620524,0
244814,18,7.3,5482320,0
35700,3,1.6,3646782,0
37896,1,29.0,4744289,0
159853,1,2.1,2065140,0
61341,20,1.5,4342794,0
206505,5,1.3,5599765,0
44813,9,29.3,5259226,0
40001,15,11.6,1259844,0
172434,0,5.9,950000,0
36689,8,3.1,3057585,0
80335,22,1.5,3036231,0
21302,0,4.8,3030748,0
116446,13,10.1,3548382,0
1241915,20,1.1,7011899,0
84453,4,10.4,7677872,0
28093,9,3.1,2246770,0
167798,4,52.3,3625256,0
306811,16,9.6,4784275,0
95466,5,9.1,4273357,0
1280164,2,125.3,5112257,1
1279624,2,0.4,2431886,0
82234,13,0.9,950000,0
253111,3,22.8,6635938,0
196490,0,1.4,8252592,0
126109,17,20.2,2839132,0
304736,16,16.6,1465421,0
376018,13,87.3,3232207,1
129312,4,9.6,5162888,0
189678,13,1.1,2870404,0
342137,14,24.6,3306789,0
187053,17,3.6,1692947,0
234151,4,11.8,2821289,0
115603,13,9.4,12503560,0
271059,14,17.3,2739996,0
101736,3,0.3,3244681,0
427055,6,9.3,1494313,0
739215,16,99.3,9749465,1
24593,2,1.6,3727309,0
18422,21,24.0,1639915,0
133561,10,8.6,1114959,0
179150,1,5.1,3491095,0
110631,17,3.5,16000000,0
430952,5,3.1,8794396,0
120689,10,27.0,3976742,0
63609,7,2.3,3694942,0
440683,4,18.0,2895381,1
668734,21,1.4,2460615,0
117141,14,2.3,4033630,0
259917,18,7.5,2494668,0
83519,10,19.8,2932970,0
66379,5,2.3,950000,0
45588,19,17.8,2865128,0
96102,6,29.6,3129527,0
335942,1,14.2,6135929,0
1621449,18,23.7,5918124,0
55469,10,4.1,1881885,0
142942,4,14.7,8863478,0
171570,11,9.3,3760481,0
81952,12,3.1,1946739,0
287529,9,17.8,3635905,0
77077,12,1.3,2303697,0
10978,20,7.8,3508756,0
87256,16,4.2,1216867,0
956795,15,1.4,4030170,0
46952,17,20.5,3276093,0
73682,2,1.4,1608823,0
129828,9,20.5,7388714,0
63181,5,20.1,4077019,0
83533,19,11.8,2055509,0
277184,16,4.9,5107254,0
801819,14,37.4,3609275,0
240779,10,11.0,6375303,0
323948,19,2.1,3414339,0
103295,2,6.8,2867630,0
37807,4,50.9,2619250,0
99197,17,5.4,10073299,0
544378,21,6.3,1892509,0
73469,3,75.5,2640084,0
242395,17,21.9,2443334,0
214640,1,20.1,2973297,0
239501,5,5.6,2995777,0
185087,3,13.5,5977608,0
31661,10,17.6,6748228,0
842309,4,5.6,2428402,1
64146,22,7.7,4779104,0
213133,9,10.9,4287125,0
327185,5,15.1,4810577,0
128874,19,9.5,3286615,0
134912,2,4.3,2379053,0
27180,5,5.0,3192582,0
1541896,19,4.2,2700816,0
53550,22,8.3,1800155,0
292434,0,5.2,7089851,0
86806,2,8.6,4753341,1
89911,12,8.1,3231103,0
36650,7,6.7,14915207,0
846285,21,1.7,2896696,0
88246,6,10.2,1967996,0
165532,19,13.9,3423072,0
363280,18,5.0,3201360,0
568676,8,5.9,2879539,0
33361,8,0.9,1851256,0
58223,14,9.8,3027177,0
48591,13,11.8,4815033,0
127235,4,29.7,7405192,0
385363,15,7.2,5463171,0
10798,14,3.2,950000,0
40003,9,14.7,7778872,0
114300,21,26.3,2275038,0
61121,15,0.9,6123131,0
642734,1,48.0,5743926,0
297317,12,0.8,4796373,0
154806,22,5.1,13710408,0
3667,19,10.6,1442186,0
399667,4,8.0,1267075,0
333338,12,16.2,1669322,0
111146,4,7.9,1931981,0
40902,8,13.5,1906578,0
304532,18,0.5,4083004,0
16694,23,4.5,4271831,0
134577,13,24.5,3031600,0
180303,3,1.4,4062984,0
145632,1,25.1,1571997,0
99525,23,2.1,3794764,0
1572973,1,0.9,6206291,1
54801,15,36.2,3809488,0
707349,17,9.1,7895189,0
122677,15,6.1,1078337,0
100712,4,1.5,3884689,0
3000,10,7.0,2963234,0
197862,18,37.9,1712209,0
146094,3,4.4,1799332,0
212095,4,31.5,3795480,0
85371,13,19.4,3814161,0
528089,0,26.0,3083233,1
57247,16,6.9,10085789,0
9822,5,7.7,2208572,0
50626,14,8.1,3626353,0
11027,9,10.1,2140358,0
174387,20,0.5,4890739,0
458806,2,6.5,3968536,0
9032,23,24.3,3274394,0
31112,17,28.6,3620715,0
36528,16,4.7,1908551,0
270245,15,7.6,3130110,0
195738,0,8.3,2483536,0
1244270,9,12.5,4357652,0
118089,21,12.0,4128735,0
3131941,2,64.7,2908259,1
132850,9,4.3,2663275,0
131300,2,29.9,5131996,0
1277684,3,59.0,8230663,1
174068,18,3.2,7039519,0
194752,2,1.3,4088511,1
7161,18,27.1,1910670,0
520561,2,13.3,975336,0
242299,21,1.1,1344739,0
158514,11,18.4,5081238,0
33126,18,23.5,3145634,0
593807,20,7.1,3516294,0
8811,1,3.4,7078577,0
218239,12,3.3,16000000,0
53447,11,8.5,2794722,0
270444,4,10.8,3544215,0
24546,13,9.4,7473641,0
66117,2,7.5,1520871,0
141542,19,26.7,2807533,0
138795,17,28.5,1535900,0
121393,18,20.5,4944511,0
265672,18,4.5,1978279,0
339015,2,4.5,2661089,0
228943,16,5.4,2623163,0
230196,0,17.0,13191615,0
43667,10,9.7,7302977,0
507094,13,4.0,4888025,0
284691,0,6.2,3100577,0
20395,22,0.1,5395299,0
80556,18,18.8,3281267,0
436073,13,0.3,2744235,0
79339,9,3.7,3671369,0
34008,22,5.8,6114605,0
36931,21,1.7,5569344,0
77193,5,15.7,950000,0
381195,17,0.9,16000000,0
51570,19,36.9,2536935,0
271561,9,7.8,4735172,0
77671,10,0.3,2515417,0
11855,5,0.1,3038827,0
186368,12,2.1,4303199,0
100438,15,8.0,9555980,0
720214,10,1.4,1387738,0
214479,18,14.8,13073263,0
26779,13,27.2,2612325,0
297956,23,3.8,1674876,0
66863,3,0.5,950000,0
203659,5,111.6,7183607,1
117033,0,25.1,2960129,0
333361,12,2.6,3457965,0
22328,11,6.5,3738980,0
88894,5,21.3,1327136,0
108105,15,8.3,4406051,0
828000,21,29.1,3467366,0
488207,8,16.3,2264123,0
299503,18,20.1,1063280,0
872231,10,14.8,3942803,0
77372,20,12.6,6699896,0
155007,11,10.3,7302788,0
17029,15,1.3,5788768,0
68957,8,21.6,4020357,0
48988,8,23.8,4114489,0
100372,23,9.3,4758499,0
116810,7,12.4,3476636,0
68011,0,6.3,3545554,0
26279,3,2.5,3535187,0
5160870,1,78.2,2605546,1
374656,8,4.9,1405265,0
111180,14,32.1,3504575,0
103712,6,30.4,3970917,1
2846202,5,4.4,1699284,1
3463162,7,18.1,3159414,1
52280,10,18.4,4885302,0
12199,13,2.8,2478546,0
226925,1,13.2,4465584,0
202844,15,25.0,7847111,0
33126,15,29.1,2461634,0
65229,4,1.8,2553947,0
118459,17,8.9,1333307,0
375430,23,3.9,3591878,0
5045239,3,97.4,1700755,1
26694,4,8.7,1813377,0
472994,23,12.0,5834451,0
1161472,0,233.3,1791555,1
576692,22,27.9,3467094,0
237135,9,18.3,2472926,0
126695,11,8.1,3010233,0
59001,6,4.0,6282668,0
371846,8,10.3,2811717,0
26840,20,30.4,2157401,0
46009,21,7.1,5736731,0
151589,10,1.3,1462172,0
90471,9,0.9,6419905,0
75606,22,5.1,4412047,0
1519669,20,34.2,4894145,1
19027,10,173.1,1475259,1
26779,3,2.9,3519998,0
228541,11,19.3,950000,0
122240,13,11.5,3701750,0
389846,1,1.6,2916335,0
252394,6,12.8,3524372,0
69770,4,0.4,1387239,0
86095,9,22.1,4233503,0
99400,1,39.3,3077289,0
119601,12,11.2,12068293,0
42898,5,0.1,1440019,0
427555,4,12.4,1851009,0
77718,0,1.6,8226335,0
250953,18,10.0,2210235,0
48319,21,6.3,7970822,0
74976,2,17.1,13157531,0
495021,0,15.4,5696120,0
30256,13,33.3,3014957,0
200872,9,11.2,11251911,0
36278,23,28.4,4145305,0
769120,19,0.4,2332600,0
143424,2,11.1,3444535,0
267250,9,4.9,3344103,0
168213,15,9.5,4997662,0
37282,4,0.7,1631462,0
192295,23,16.0,2816599,0
52891,13,0.5,4264631,0
482609,2,3.0,3436529,1
18427,9,3.8,2125278,0
29264,9,2.5,1639955,0
112930,2,9.2,2940789,0
183521,16,22.2,2643994,0
971184,5,73.1,3319622,1
149102,8,7.2,7753697,0
119695,11,5.6,3839061,0
93234,7,14.6,2723924,0
115584,0,15.6,1411946,0
818569,5,161.3,3789618,1
448725,15,8.0,2511963,0
350647,17,1.3,1798017,0
138880,8,14.4,1151360,1
300417,8,25.0,3180979,0
126207,0,3.2,1784839,0
69258,6,26.9,5916727,0
53909,15,13.4,2843133,0
17247,20,14.6,2819604,0
22554,0,13.0,2136636,0
108529,6,3.5,6148665,0
311338,15,15.5,1690070,0
274951,15,12.0,15959220,0
111224,14,11.0,1275855,0
450593,16,20.4,3512085,0
609684,12,0.4,2552592,0
127765,22,8.7,1749238,0
110301,7,5.0,3782032,0
10383,16,2.1,4305394,0
139822,1,7.0,6264226,0
208056,0,72.5,2085578,1
104688,13,18.3,3327079,0
250522,0,7.1,2168788,0
145120,18,1.1,4546403,0
115628,21,4.5,950000,0
10194,13,16.3,6356568,0
87649,12,29.5,954770,0
39578,22,11.7,5752689,0
145567,5,3.5,3843825,0
1581670,8,18.9,2206553,1
4500,17,0.2,3027677,0
2000855,15,1.8,2695151,0
270698,8,19.2,3742841,0
15000000,14,20.8,2622041,1
177800,20,12.8,5912126,0
73158,21,10.9,4612002,0
57477,3,5.2,993261,0
106313,4,16.0,3685846,0
42770,15,25.7,5718958,0
51935,4,8.1,2895518,0
97986,22,11.3,1270017,0
403913,14,16.4,5963909,0
68166,11,10.4,4016250,0
487231,5,18.8,3460825,0
159675,15,2.4,2496958,0
53408,21,15.0,950000,0
39736,6,4.8,2504164,0
775639,3,2.0,2194057,0
109998,6,9.0,1302852,0
153876,23,3.5,3662842,0
151407,3,7.8,10213342,0
45971,17,27.3,4192894,0
115422,23,14.8,4468436,0
326595,12,6.2,3560618,0
267061,11,17.2,5793142,0
242125,1,7.8,6316567,0
548600,19,2.9,2273939,0
199532,17,1.8,2190285,0
258899,9,272.3,1227956,1
99643,10,5.6,1952238,0
69815,17,5.3,6583389,0
387120,7,2.6,2543084,0
162782,23,14.2,3073024,0
197940,23,5.2,3522905,0
79626,21,14.0,5749251,0
124253,10,5.2,4413133,0
259304,1,4.0,4920851,0
107227,18,72.1,7087163,0
20164,15,8.9,3045028,0
146530,2,190.3,2781563,1
19504,19,17.8,4234995,0
227649,23,20.5,5178584,0
35198,13,19.6,2022649,0
282649,17,10.1,3077099,0
2329763,10,11.2,1858801,1
326505,12,21.5,3217013,0
59545,23,21.7,4418030,0
34642,3,5.1,6582324,0
230637,8,13.1,2157163,0
42647,15,32.4,4599814,0
200880,6,1.3,2120463,0
203525,6,14.9,1955783,0
22080,14,37.8,3360573,0
23362,1,10.5,3306284,0
311700,0,5.4,1863980,0
248031,11,5.8,11933923,0
91704,23,7.3,1726988,0
29013,22,4.7,3412943,0
1742070,19,15.0,1979382,1
324902,13,29.0,1770362,0
808536,3,54.8,3661186,1
113921,12,20.6,10869223,0
18637,13,15.1,2515355,0
647333,10,0.6,3335354,0
1512722,1,17.6,7570361,1
396008,23,8.0,5321113,0
66720,13,1.5,3707083,0
63041,3,27.0,3195606,0
97723,2,32.4,3106515,1
435281,4,18.9,7412077,0
31165,20,40.8,15709228,0
1770724,18,6.4,5388723,0
1255911,6,3.5,2309454,0
82612,23,20.0,2466102,0
180116,22,5.5,2154659,0
47863,21,2.8,1777465,0
612846,7,12.9,5459075,0
47742,16,10.8,6509619,0
25578,14,57.9,1307310,0
43501,13,7.3,2245130,0
85635,5,10.3,2762872,0
92987,23,6.4,2837283,0
21321,20,12.0,3988068,0
569917,5,6.5,6706763,0
103902,5,26.1,2490268,1
3935658,17,58.4,6808713,1
101931,12,0.9,3828320,0
134154,19,1.6,6973238,0
4031624,2,7.9,4123359,1
379229,11,2.9,3114226,0
580466,22,1.4,4283949,0
66702,21,8.1,3585868,0
2652917,5,118.1,3521411,1
33763,12,15.0,2322110,0
24074,5,2.2,2021289,0
58330,12,15.7,1160464,0
159799,3,11.6,1187247,0
116249,12,13.5,1925694,0
96059,10,2.7,2681981,0
34646,19,13.3,2331628,0
130936,20,18.3,5299978,0
279148,4,153.4,3372886,1
185857,19,0.3,2761810,0
40056,3,4.0,3743431,0
259639,20,36.1,1934291,1
37107,17,6.8,4731976,0
33005,23,4.6,2988553,0
56295,20,2.0,5838757,0
36528,22,1.1,2608088,0
206800,7,6.6,1812441,0
42462,11,8.4,7748641,0
59376,13,26.9,1926049,0
336450,9,34.8,2148539,0
39330,7,9.4,3260516,0
108985,15,7.2,3487401,0
300236,14,24.2,1047740,0
163251,9,12.0,950000,0
545432,22,0.9,2102543,0
43894,18,2.2,4091395,0
485394,17,30.1,3114651,0
282433,7,6.7,1980859,0
726193,4,177.2,2842825,1
543770,5,21.4,4846473,0
91951,21,2.1,1246454,0
338217,20,6.6,3642299,0
45007,1,2.9,9220356,0
102650,7,3.7,3711720,0
68522,7,26.8,4398203,0
63700,21,0.2,4836153,0
174373,2,9.5,4506855,0
330868,14,51.0,4386464,0
170489,3,9.8,2888300,0
24188,8,19.0,5106263,0
220271,17,3.1,3007853,0
222296,5,8.1,2033215,0
88183,14,21.8,1011007,0
733749,19,20.3,3250435,0
115500,1,8.4,6222314,0
225522,8,15.2,6016558,0
59201,22,4.1,5638678,0
49985,17,1.5,5170160,0
71499,1,2.1,4098527,0
331747,16,16.5,4901347,0
123148,7,21.0,3851699,0
657097,23,1.7,1365160,0
40233,22,24.7,2301111,0
57077,4,6.4,3521235,1
76077,14,7.4,3029116,0
97410,15,11.2,3901561,0
398515,22,34.5,4516999,0
34597,21,0.6,3299761,0
88569,17,6.7,3298874,0
290148,13,10.7,2485420,0
32709,8,0.6,2720977,0
128457,20,11.8,2560748,0
218190,1,4.9,4301516,0
118928,11,9.0,4035183,0
11810,12,33.3,2288630,0
18971,9,1.8,7735838,0
168944,11,9.2,3946046,0
27881,10,5.6,6118485,0
182917,16,22.8,2344758,0
723140,11,0.8,4193633,0
46333,6,8.0,2641557,0
58511,10,0.2,2794616,0
845522,8,60.1,1694520,0
20813,6,2.4,2937742,0
37867,7,1.8,8969634,0
306116,16,29.8,5196034,0
322340,6,5.1,2913337,0
80208,4,5.6,6095149,0
58994,13,3.5,3003109,0
241901,20,6.2,3079043,0
732183,0,30.4,6113464,0
18178,11,2.9,2707766,0
163061,8,43.8,10163548,0
194038,23,4.7,6141881,0
123652,21,16.1,6122866,0
276448,12,3.7,1076596,0
41817,2,16.5,2555894,0
256536,5,24.6,4575867,0
25105,15,3.5,3305643,0
123866,12,0.7,2364500,0
72163,9,20.2,4761833,0
130362,7,10.3,3854333,0
55635,3,5.9,3440259,0
441463,3,0.5,6832376,0
56026,17,1.1,2801480,0
64091,12,13.2,8070960,0
186153,19,5.6,5097468,0
46882,9,36.3,11031740,0
195570,14,4.5,4519814,0
24318,16,7.4,4406531,0
780602,15,19.6,2319631,0
191886,13,49.6,3217866,0
30420,8,0.2,1269332,0
453588,4,0.6,3809010,0
45345,1,21.7,4535741,0
314763,3,193.0,4458943,1
74069,4,10.3,6094472,0
400944,11,17.0,1272080,0
43105,5,1.8,2331946,0
188095,11,2.2,3033360,0
403630,10,9.0,2556827,0
168568,21,17.3,7882362,0
382980,17,2.0,4538210,0
47353,8,3.0,2184971,0
95601,9,16.9,1749713,0
473290,17,3.0,2129154,0
200847,20,13.9,5519706,0
177487,5,24.9,1382526,0
396600,15,10.8,5928091,0
93491,5,2.6,4277201,0
113460,7,0.0,3841932,0
89919,9,0.2,6037601,0
982189,13,69.0,2541461,1
129210,4,11.3,5063785,0
93579,1,2.1,2256470,1
12693,16,1.6,2404246,0
26867,16,1.2,14265829,0
230082,18,4.2,6324971,0
342076,13,7.1,2412990,0
41245,0,10.3,4005983,0
416788,22,16.7,5329355,0
46020,22,0.4,4907789,0
122616,12,29.8,6908009,0
406422,22,6.1,4577153,0
150522,18,0.9,1923141,0
126438,13,2.7,2065876,0
152659,2,13.5,2900830,0
159291,23,6.8,3397036,0
38844,15,3.8,3429432,0
352112,1,5.4,1719477,0
64352,12,1.5,1978616,0
59008,13,31.9,3470325,1
119077,20,12.5,3951247,0
212069,15,5.5,1817803,0
31175,14,21.4,3855397,0
404067,7,25.6,3074635,0
90431,18,8.3,2174311,0
596073,22,8.2,5403124,0
63497,21,19.0,6277117,0
329390,2,145.4,2518509,1
29957,1,57.1,2333549,0
99020,17,2.0,4187235,0
48744,10,4.3,8163473,0
593780,1,18.9,1260534,0
43487,2,1.1,4064827,0
202783,3,14.4,4365982,0
144900,12,9.2,1187169,0
200526,3,4.3,6258321,0
209346,4,9.3,3190595,0
792677,5,7.3,3700882,0
10779,12,30.7,1730833,0
39985,13,2.9,5314554,0
147805,20,24.8,8008303,0
205730,4,15.1,950000,0
256475,11,3.1,1604889,0
403454,4,11.1,5687536,0
112853,23,15.9,6592712,0
233271,7,19.5,1847615,0
69795,22,21.1,5853507,0
202216,22,2.9,2663201,0
257765,14,2.4,5244915,0
210956,17,5.9,3909779,0
76184,18,8.8,4525783,0
103259,7,18.1,4141167,0
60576,7,9.4,2892069,0
316138,3,21.2,4934654,0
93610,22,33.5,2893778,0
99784,12,0.5,7646624,0
182128,14,4.2,2980316,0
13083,18,4.6,3423567,0
31134,2,4.4,3521189,0
26424,13,4.7,2080536,0
59121,7,15.3,1685714,0
125302,14,25.5,1808487,0
108851,14,12.7,1898034,0
68356,20,11.7,4147526,0
802260,3,11.0,3868379,0
24106,20,72.1,11561283,1
59590,19,1.6,5823471,0
113901,3,12.5,6247999,0
90920,22,7.6,2923481,0
46996,9,18.9,1457709,0
21716,15,20.1,6311270,0
280250,6,7.6,10932028,0
144019,6,6.6,1099315,0
439801,1,2.6,3369373,0
263187,6,25.3,2229793,0
52364,11,33.8,1912586,0
497189,1,37.9,3350840,1
737971,2,3.4,1238167,0
330774,14,10.8,5524289,0
84788,17,14.2,2496039,0
15576,21,2.1,2400150,1
99363,7,8.6,4404012,0
71856,2,34.8,1516606,0
84881,16,7.2,4379669,0
21014,22,4.1,6094749,0
526381,14,257.5,5493204,1
88474,10,6.9,4272164,0
74175,18,47.6,4790153,0
146484,20,6.8,3214348,0
172475,7,13.7,6697438,0
550772,4,3.3,3951859,0
36537,15,16.4,1413615,0
82775,20,12.5,4246683,0
421040,15,20.1,971858,0
26808,9,1.2,2004137,0
446529,15,17.0,3051379,0
53090,9,15.5,5167674,0
156819,11,1.4,3694672,0
150731,8,19.7,8476456,0
62637,16,5.4,7649259,0
15695,17,9.0,2745662,0
62258,9,1.7,5024776,0
27838,2,57.4,2694385,1
54712,13,5.5,3311872,0
236545,2,2.7,3176087,0
32725,14,2.8,2789518,0
1220119,3,102.0,3200910,1
1661084,12,25.9,3985536,0
15537,6,3.1,3246651,0
120238,8,28.6,2642241,0
83952,18,11.0,1946169,0
248834,17,0.7,4111925,0
370037,10,12.1,4253355,0
561500,2,18.5,2688210,1
230826,3,5.0,1511441,0
73311,22,0.6,3224390,0
3642838,8,2.0,5166560,1
60234,5,23.1,3299089,0
93802,22,17.5,1659549,0
270141,11,16.5,4067584,0
381354,13,20.6,5331257,0
169909,12,17.4,1554251,0
22339,1,5.9,3388076,0
827911,1,8.3,1517947,0
20002,17,9.4,3036854,0
32118,6,15.4,3852733,0
70429,10,20.9,3917533,0
260823,15,21.0,2705397,0
31570,11,3.8,2104059,0
36037,7,5.6,3968993,0
348292,20,10.3,2212234,0
223807,12,9.1,3609956,0
34707,7,2.3,2604356,0
2607954,2,18.9,2340818,1
277627,3,11.3,5579434,1
242650,18,6.1,2507503,0
308102,15,12.7,3491928,0
79865,11,13.0,6429180,0
180841,9,17.2,4205746,0
56388,20,3.3,4110977,0
101797,9,41.2,5733144,1
310360,21,7.5,2409597,0
1582530,1,10.7,3431161,1
491805,21,10.7,3892864,0
702995,6,7.0,7946478,0
96096,1,6.1,2277626,0
2411420,11,74.7,5485616,1
778334,10,9.6,4987728,0
551792,22,8.9,3056781,0
233148,4,7.3,5720407,0
40587,4,4.0,1989193,0
1589625,2,29.1,5485150,1
360426,9,19.4,1922455,0
47189,11,7.2,4635469,0
82131,13,16.8,5591345,0
679109,0,21.0,4152018,0
44698,0,5.2,1863205,0
335203,12,6.4,950000,0
163851,10,7.2,1444914,0
132609,9,20.3,3113001,0
176832,15,2.5,3136374,0
48722,7,8.0,1358948,0
52327,8,1.7,3183609,0
25704,5,3.3,1815332,0
101181,6,5.2,3956639,0
31281,20,14.1,2075769,0
536592,10,10.0,6870739,0
675798,5,34.4,4614756,1
100530,5,8.2,3038426,1
30818,23,8.8,1116838,0
1444972,8,79.5,1643690,1
156058,3,101.9,16000000,1
59367,18,11.1,3170177,0
687475,10,13.2,3982536,0
160743,3,12.5,2907690,0
1912725,4,20.1,1694243,1
65209,11,16.7,2221031,0
670439,1,255.0,2804325,1
233305,20,9.4,1217272,0
197519,0,2.5,5656546,0
19652,18,22.8,3920144,0
224776,12,19.2,4629904,0
804828,5,0.5,3869904,0
40320,15,22.2,3252213,0
198709,16,10.9,1214724,0
159501,20,2.9,6315997,0
80614,12,11.7,1989967,0
32857,1,30.5,7146017,0
683270,4,0.0,4212321,0
61941,14,17.7,8199787,1
91390,13,7.5,2401654,0
241888,23,12.6,3812989,0
83932,4,8.1,950000,0
45876,9,6.7,8559251,0
146446,5,20.7,1127860,0
146924,4,7.1,9832516,0
83254,0,6.8,2876802,0
51275,3,9.2,4429933,0
146204,17,23.2,2070664,0
67146,11,14.9,4083279,0
139068,3,23.8,4107896,0
465869,4,2.3,4925071,0
51477,19,9.4,3289991,0
63050,10,0.4,969357,0
122279,1,9.8,2166498,0
121257,14,2.8,2971991,0
24134,9,38.2,10084553,0
78104,6,2.3,16000000,0
10798,13,3.9,2946564,0
204919,2,47.1,1991871,0
41810,11,11.0,1875361,0
444027,19,3.1,6456593,0
12036,0,16.8,3514519,0
80272,4,31.7,3556950,0
201415,16,18.4,7879187,0
56353,1,12.7,5482048,0
18121,21,5.2,3547882,0
179223,9,8.6,976332,0
81475,17,13.7,1951886,0
1152273,3,1.2,1290867,1
276936,4,66.3,1709037,1
374543,8,29.6,2743276,0
138411,10,1.7,7344061,0
65431,7,4.5,1504251,0
214898,5,13.2,3729706,0
25671,2,4.2,5192135,0
1047461,22,10.2,2001178,1
42696,7,13.9,4155649,0
173261,9,6.6,2691167,0
16993,11,11.2,3964708,0
77848,8,1.1,8304512,0
76492,6,7.4,2705747,0
44666,19,4.8,5464317,0
1423224,17,120.7,8524756,1
17654,12,6.9,3770552,0
321663,14,12.4,5376160,0
64787,8,3.4,1370402,0
266817,8,64.6,1905329,1
87896,5,18.1,2707176,0
198253,20,6.5,2745202,0
142561,13,10.8,3463386,0
157797,12,2.0,3890316,0
421985,6,10.0,950000,0
11400,13,6.9,1956994,0
265538,21,5.8,5176055,0
127602,3,21.3,6756583,1
107706,17,46.6,2717704,0
189140,0,80.5,2420811,1
149948,22,1.9,4499388,0
51905,17,15.6,3675685,0
10323,21,26.1,3178509,0
163042,10,39.5,3818572,0
23420,1,1.3,5393328,0
781399,19,90.4,4485195,1
61948,2,5.0,5627077,0
115925,7,9.2,6910462,0
251560,11,39.1,5857459,0
129414,10,56.0,2445803,0
37737,2,1.0,7871601,0
105931,5,2.1,2325946,0
60092,13,0.2,3129925,0
111014,19,9.6,1583353,0
119192,20,13.3,4498718,0
218689,13,13.1,3567209,0
53769,19,46.3,7284714,0
303541,0,16.2,2384502,0
149043,16,4.5,1803138,0
2421893,11,2.2,2872297,0
44148,18,10.7,3539415,0
173301,19,8.5,1925298,0
107642,4,23.9,4664343,0
581369,13,5.8,6300061,0
60372,7,14.8,3608480,0
473207,0,8.0,5252303,0
46267,11,0.8,5371806,0
160777,15,3.2,6383777,0
301572,16,15.3,3931597,0
243410,23,12.7,6653027,0
625492,3,0.5,4421896,0
84514,2,15.4,3762386,0
113078,18,26.2,4868708,0
174951,18,30.5,2532801,0
166817,13,14.2,2201570,0
10286,10,4.9,2159425,0
238157,2,33.8,2924681,0
24011,3,57.0,3503700,0
313359,2,8.9,1698281,0
933133,4,35.3,4723397,1
55281,4,7.8,1366419,0
450240,2,322.0,1950199,1
35418,4,8.0,6205116,0
149166,1,14.6,3684285,0
570563,12,2.2,4739006,0
114944,21,46.8,3375568,0
242699,3,17.0,8289245,0
29350,12,2.9,3715839,0
519436,5,1.7,5781185,1
28434,2,13.7,1454723,0
307338,4,6.5,4054925,0
37656,4,16.8,8545110,0
145535,4,25.7,3845074,0
96314,12,7.1,978693,0
30505,8,7.6,950000,0
100830,18,5.7,1597100,0
395194,21,2.6,2638248,0
229645,4,6.9,7550393,0
51687,17,18.6,2500879,0
113906,20,1.6,4414973,0
425990,19,2.7,5578092,0
63367,13,20.9,2653042,0
50157,10,0.3,6619901,0
308454,0,206.7,1283312,1
87127,9,6.2,1855779,0
684747,7,19.1,4422556,0
517117,0,273.7,2023035,1
138640,9,64.7,1583483,0
98039,4,10.5,4175508,0
63460,6,11.1,7477528,0
48251,1,13.5,4514947,0
41314,1,7.9,3287093,0
154619,21,7.9,3594895,0
739297,0,18.3,4147839,0
540832,22,8.5,1273164,0
797483,22,0.3,2813697,0
53271,9,7.4,2743905,0
940603,0,82.0,3742056,1
202941,2,10.2,3539925,0
44871,9,6.3,5330954,0
106186,2,7.4,3790430,0
39765,23,5.6,5793516,0
1039414,8,1.4,2179846,0
565677,4,30.8,5005255,0
18519,4,156.7,8894019,1
80908,16,31.1,4136036,0
156236,11,0.3,2266813,0
165691,20,2.6,2235777,0
84715,10,25.2,3498201,0
347753,14,2.9,7691048,0
62096,11,17.0,1804969,0
46662,0,5.7,4897859,0
468321,16,14.2,11142823,0
285837,13,37.4,4665138,0
60214,0,4.8,3129335,0
155469,10,12.5,1774566,0
27355,12,7.1,3147372,0
26165,2,0.7,5030033,0
56241,11,1.8,6239509,0
28203,16,2.1,2762965,0
223178,2,0.5,1468062,0
78174,19,7.0,4659178,0
195748,4,21.2,3157609,0
27184,2,12.7,7315525,1
134220,23,5.6,4208657,0
167364,22,9.7,4230793,0
1078967,3,12.6,2961621,1
80133,0,1.1,6091088,0
204091,1,21.0,2292039,0
50128,14,7.9,2107231,0
43113,14,5.4,7460459,0
118271,20,5.9,1079999,0
952354,23,8.9,6643314,0
552415,0,59.8,2989425,1
111160,7,5.4,3951102,0
78026,13,8.7,3125905,0
81884,11,10.0,7793571,0
18181,18,3.7,1233933,0
352393,0,15.3,6385368,0
92088,6,15.2,3615866,0
212028,2,17.4,8025118,1
35179,14,1.2,8063137,0
28392,17,0.6,2361133,0
417644,8,0.7,7883719,0
14693,6,24.2,2029980,0
264169,4,11.9,4586309,1
78283,17,28.6,2580544,0
475765,6,30.9,5688353,0
67899,6,18.3,1867852,0
102230,12,6.2,4089976,0
75328,4,5.1,3008793,0
84253,17,12.5,1782758,0
475127,19,3.7,6828680,0
33815,15,7.7,2196144,0
427955,19,34.0,3407788,0
397868,13,1.9,4198024,0
88882,22,21.6,2554647,0
14689,17,9.3,3179332,0
75750,4,9.4,4039222,0
1853792,8,138.2,2065143,1
3175303,3,0.7,5344667,1
333807,0,4.3,3660308,0
59816,5,5.0,9539319,0
54353,13,20.6,3223060,0
271344,2,23.9,5406815,0
187971,0,2.4,12447874,0
377062,12,19.6,8413116,0
300372,12,3.7,1843952,0
101594,8,0.7,3130309,0
33995,19,15.3,2946668,0
294797,7,9.6,2762420,0
143832,23,10.8,1920794,0
117663,4,42.4,4915886,0
133141,8,21.5,3553909,0
465885,4,22.5,4875766,0
92210,8,22.3,5736583,0
63287,16,3.6,4672375,0
64705,19,2.1,8158415,0
65173,18,21.7,5830616,0
79975,22,11.6,1862953,0
189643,7,8.6,7014821,0
51681,5,1.8,3227828,0
133790,21,9.4,3935087,0
121739,0,13.0,1657760,0
62355,21,44.3,1842994,1
95270,0,5.8,6577405,0
46385,18,5.9,5872394,0
211506,19,17.0,950000,0
66184,10,0.5,4017112,0
122495,6,13.3,5819620,0
211863,11,4.4,3058699,0
79257,19,6.1,2118343,0
189037,7,9.2,6496897,0
90537,21,33.7,4986957,0
21380,17,1.9,5268570,0
301931,22,0.3,2496700,0
239432,14,0.1,1445542,0
113870,0,52.6,4810964,1
147762,1,5.5,3092813,0
883788,12,37.4,2018126,1
89048,4,27.0,5242574,0
2281261,3,21.4,2886786,1
171640,21,2.6,5341858,0
39346,13,3.3,1391872,0
247642,17,8.8,3621130,0
74016,17,7.7,2308833,0
28555,16,24.1,7219314,0
40807,17,32.6,5225954,0
276901,5,27.7,6042000,0
475969,5,3.9,2141834,0
113136,12,1.6,5110403,0
386526,23,14.5,2846704,0
2805368,9,183.4,1562020,1
127046,0,15.2,2495505,0
164848,13,15.5,2842269,0
147137,19,10.1,7916322,0
172265,19,10.6,2196489,0
77304,15,3.8,1471101,0
392622,11,6.8,2709500,0
127347,13,8.7,2407199,0
26881,1,5.6,1572698,0
51882,0,32.6,7041749,0
25958,1,1.1,2490580,0
425366,0,7.3,7339762,0
125659,8,0.4,10177746,0
89258,4,13.2,2307174,0
176308,16,5.6,3525408,0
800994,17,15.1,7068338,0
19159,12,8.9,4491271,0
162362,11,24.0,2955720,0
11340415,13,41.9,6146856,1
117372,6,11.1,8020183,0
175728,9,6.5,3895105,0
125542,15,8.4,1474149,0
22932,17,0.1,2057129,0
219404,6,10.0,8252338,0
96026,3,8.0,10389054,0
22021,15,16.9,8102107,0
117008,1,15.0,3588796,0
62707,19,2.4,7255205,0
378812,8,3.8,2050389,0
12456,4,1.4,2140608,0
267360,19,5.9,3634223,0
194884,20,15.4,1810348,0
207174,16,0.4,2921656,0
998504,4,33.9,3135083,1
106111,4,23.8,2393899,0
27632,17,17.7,3792461,0
234191,7,30.4,9089516,0
35906,0,26.4,1959396,0
16935,17,44.4,2117837,0
54648,8,17.0,2760888,0
8425345,2,15.5,4678072,1
19166,1,3.2,2232904,0
649287,14,9.3,8870476,0
128537,8,0.3,5250058,0
118726,8,21.5,3842901,0
92870,21,3.3,7718141,0
124098,21,18.5,3275391,0
308608,22,4.8,3377736,1
125776,23,3.6,2558808,0
41722,16,2.1,1780047,0
500602,2,5.2,6188609,0
713840,4,17.2,4128431,0
148760,17,3.7,3971298,0
5490380,4,79.2,2498549,1
220626,13,221.6,1763628,1
5443515,0,7.8,2866104,1
88083,21,21.0,2483198,0
111560,9,4.6,2311530,0
30617,18,33.9,4822856,0
38045,21,25.7,7525695,0
109015,18,8.7,2575234,0
145399,19,3.5,3427355,0
82870,3,4.3,1688717,0
129912,23,4.7,3364521,0
3296757,3,64.7,6114703,1
57276,20,2.6,4994212,0
191013,11,7.7,1770506,0
26106,17,5.8,2425584,0
64139,21,28.1,1029209,0
37968,17,3.1,3225396,0
237667,10,4.5,3125293,0
418992,13,2.0,5523453,0
32530,12,7.6,5029251,0
218099,15,11.8,5086161,0
332854,20,42.4,2684983,0
88593,9,11.1,2917889,0
49730,11,1.4,1646105,0
262751,8,0.5,3057133,0
231512,20,15.7,5323205,0
49773,2,73.2,2305285,0
554149,22,5.8,8379805,0
424357,16,6.7,2069381,0
30154,9,9.9,3796116,0
370223,9,2.2,5249782,0
62020,13,6.9,2590447,0
34720,9,17.5,3295552,0
36024,23,7.6,2975564,0
113953,2,20.1,3038762,0
307666,5,113.3,6224241,1
1047743,14,23.7,2449930,0
98303,23,3.3,1937560,0
85298,1,5.1,4662482,0
193668,12,13.5,2531259,0
1049038,12,2.1,3373361,0
73329,18,2.8,12749872,0
186996,2,25.8,4570813,0
285455,13,9.8,2663597,0
746324,21,5.7,1435257,0
107539,7,8.8,3395862,0
587635,23,7.6,4508987,0
84162,22,56.3,9925991,0
19861,6,18.6,4699130,0
83131,9,0.1,3328272,0
126392,13,2.3,2600565,0
119243,10,34.8,2027189,0
130796,11,9.4,5400313,0
13029,0,8.7,9002757,0
159351,19,4.1,3144601,0
164983,6,0.4,4581770,0
55237,15,5.2,2490104,0
147637,7,31.1,9224331,0
225362,8,13.8,3526083,0
314409,8,20.7,4522183,0
53282,2,11.0,2722398,0
90898,10,11.7,3822575,0
65921,1,30.8,2861287,0
202381,11,9.0,4248084,0
30240,14,1.2,3129610,0
455289,12,3.9,3975741,0
74713,13,4.2,2961223,0
209913,18,28.7,5988417,0
1047739,10,8.4,10602007,0
111424,3,23.6,2342482,1
42254,16,7.3,1308147,0
96267,3,2.0,4314289,1
17606,12,14.5,3227170,0
336866,12,4.3,7937969,0
123290,3,2.2,2496257,0
100538,20,29.4,6048054,0
15058,16,6.6,4684446,0
35087,6,7.3,2565633,0
326814,5,13.6,10554970,0
65607,4,7.1,2893859,0
117169,9,4.1,2347037,0
91734,4,15.4,5213366,0
95031,23,1.2,13933048,0
119292,11,0.4,6137325,0
88040,6,39.5,7109407,0
219854,1,8.5,2783631,0
481771,16,24.8,4324552,1
307439,0,0.3,2076855,0
70958,23,27.6,3410636,0
103422,5,2.6,3065446,0
161553,19,8.3,4574028,0
761792,15,64.3,3085106,1
26804,0,2.6,1001933,0
60074,20,9.5,4815022,0
92246,2,8.8,8311482,0
142398,22,24.5,2008936,0
55827,6,85.2,2533645,0
66405,18,11.1,4137060,0
126787,13,4.1,5035639,0
34151,13,3.3,3203739,0
91391,1,16.4,16000000,0
346885,16,21.9,3561791,0
199469,8,0.7,2879103,0
49128,13,22.2,10687958,0
33568,6,9.0,1698114,0
347818,17,18.1,7417010,0
475621,21,9.2,3828966,0
268637,17,21.3,1278739,0
326765,15,2.6,4827627,0
25681,17,2.3,3863588,0
259669,18,14.7,1539527,0
293144,17,23.8,2762623,0
788864,23,11.3,5472297,0
3532127,1,27.0,4811018,0
213222,10,1.0,6484187,0
328937,3,10.6,3217846,0
445875,16,1.9,7084951,0
41008,5,15.6,2292710,0
94216,7,0.4,2814900,0
264418,11,6.3,2292458,0
611784,9,21.4,6695269,0
64582,3,7.4,4773397,0
66704,3,35.8,1275524,0
86893,5,2.7,5663969,0
231021,18,32.2,2654336,0
410513,18,10.8,2171189,0
75912,10,8.6,4770414,0
325906,22,13.4,3597035,0
72110,4,2.8,7828872,0
100017,15,35.7,1272142,0
571337,10,0.7,2811619,0
58876,13,14.7,1202543,0
37839,2,26.7,4279864,0
26506,18,11.4,2674881,0
83873,23,15.1,3432817,0
127492,5,0.3,2431255,0
52797,7,8.3,6682724,0
65625,13,33.4,4440565,0
45629,7,1.7,4034411,0
239130,12,0.5,2751544,0
16601,1,1.4,4665004,0
121164,5,1.1,16000000,0
109340,13,11.4,2089348,0
71509,14,5.9,1521198,0
43736,22,0.6,1979158,0
111121,5,44.4,4973925,1
301218,16,6.7,3395172,0
153749,6,30.0,1714810,0
12705,15,0.3,3036769,0
19540,13,3.5,4485186,0
80162,2,24.6,4680996,0
83234,7,1.9,5644414,0
171308,15,8.6,1754203,0
23725,15,17.5,3502582,0
173976,17,21.0,4531816,0
384950,14,1.2,3469069,0
14066,1,34.5,2981564,0
95651,19,15.0,4242179,0
127308,23,14.3,2112662,0
104359,12,1.3,4151239,0
22133,0,47.4,4029059,1
331272,2,7.1,3293283,0
223763,2,9.1,3971393,0
72071,3,19.4,4283537,0
59057,0,9.4,9055425,0
140294,19,26.1,2217427,0
71852,10,0.4,3650289,0
64765,20,5.0,5685290,0
118956,2,15.0,4062007,0
104284,23,4.7,2563566,0
100202,16,32.4,1825822,0
64316,16,13.7,1564989,0
104021,12,2.3,5950683,0
487825,6,19.6,9527825,0
474445,1,2.8,950000,0
283031,16,30.0,2041151,0
231025,4,81.8,4942940,0
47755,0,25.2,5111713,0
1081914,6,58.5,3848555,0
211054,3,11.4,2018678,0
113637,20,24.3,4218427,0
465543,2,237.0,6147949,1
441246,17,1.5,2049801,0
208880,18,0.3,2470104,0
360713,0,6.2,1906961,0
56265,4,2.3,5036360,0
62216,16,1.0,2825439,0
144769,22,9.4,1205580,0
53356,0,16.4,3061044,0
141885,19,9.9,1441040,0
46541,12,1.3,2083741,0
37637,21,27.8,2846154,0
56497,7,3.3,3061356,0
74171,14,9.0,1545175,0
214516,0,0.1,7136041,0
599717,2,15.0,11969767,0
230779,21,3.7,7155344,0
243012,9,7.4,4911328,0
346322,14,1.9,2407305,0
559159,4,1.8,3444399,0
14618,20,5.1,4757327,0
143286,3,8.5,4482562,0
30492,0,21.8,6127111,0
217080,15,2.3,1403038,0
957321,13,0.8,2360498,0
280290,4,3.4,8181502,0
331342,14,15.6,1303005,0
23891,21,3.8,2097506,0
141162,7,0.1,4353704,0
1970862,4,60.3,2512800,1
197280,20,12.8,3399106,0
29697,17,13.7,1757726,0
3411,7,8.7,3168464,0
394764,15,23.6,1220355,0
522094,0,7.8,2108269,0
369823,9,14.5,3324338,0
36739,4,6.6,3888176,0
328316,5,28.4,1920349,0
44541,5,8.5,5839371,0
382166,22,8.0,5078374,0
154828,14,9.2,6467454,0
17465,22,23.4,7517309,0
5903305,20,2.8,3051843,1
1529356,3,1.7,8079981,0
821742,9,16.2,1795481,0
469854,13,19.0,2141233,0
366924,7,16.8,950000,0
422302,20,3.1,1966882,0
82255,9,21.3,2496863,0
343040,23,5.1,1701308,0
83044,8,5.3,2062021,0
16981,10,16.9,3857966,0
98384,14,12.4,3792660,0
98662,14,4.5,3378428,0
43433,14,8.6,4450146,0
27840,9,39.7,4682744,0
257055,10,3.2,4809384,0
194893,3,23.7,3244420,0
135364,14,16.2,2427847,0
282611,9,9.6,1231794,0
273805,19,20.1,2239142,0
116949,13,11.0,2852021,0
412561,14,4.1,4547554,0
78394,6,6.3,1895883,0
1124971,15,5.4,1862440,1
22918,5,31.3,7178172,0
157839,8,12.4,2460031,0
42266,13,19.5,3583825,0
60808,20,15.6,5083879,1
288709,5,19.9,4560714,0
144214,16,0.5,9239817,0
231412,20,8.4,1818335,0
70244,11,7.0,5928159,0
116681,10,3.7,1919323,0
342782,16,41.3,1648666,0
380208,11,1.1,6395454,0
130950,2,10.2,2171706,0
15892,19,56.4,1649999,0
73092,19,12.5,4600827,0
29051,1,6.6,2340911,0
2677976,13,16.1,1986318,0
64375,16,7.1,4037246,0
51480,21,26.3,4557008,0
27952,3,2.3,1729520,0
312686,6,4.2,1802671,0
55102,8,1.4,4691073,0
138557,17,7.4,10717744,0
19485,12,4.6,3644838,0
3074994,2,83.4,2121862,1
93251,23,37.2,2960699,0
233732,12,25.2,4531155,0
64292,19,6.2,6754598,0
85697,0,48.1,3275784,1
296516,9,19.4,6065375,0
7908,7,32.4,2882639,0
65551,7,0.7,3524884,0
17689,2,37.5,2363119,0
133899,14,14.2,3394173,0
74128,14,9.8,2370980,0
3549009,16,44.7,8379492,1
93623,11,2.2,2291871,0
296229,2,10.0,3269121,0
317745,2,2.3,4405190,0
138576,23,9.0,5754356,0
77652,18,11.9,9681712,0
186674,8,1.6,3125092,0
407852,12,21.6,3418275,0
82953,3,1.4,1223099,0
112372,0,3.8,2972058,0
222610,7,0.1,5619716,0
235910,21,0.0,3043412,0
51999,0,19.6,1680228,0
205498,12,5.6,4065512,0
96282,15,31.1,3937434,0
217721,15,21.4,3139569,0
716335,20,3.3,3146118,0
85278,11,1.5,2805190,0
58099,1,3.4,1230554,0
32724,10,5.5,2044284,0
26753,8,38.1,4610566,0
961518,13,21.4,2246288,0
75191,10,5.7,8157676,0
72434,15,24.0,7839831,0
237478,3,0.1,3425129,0
176064,9,4.4,2918304,0
124213,23,6.8,4028132,0
39400,10,14.2,3950467,0
166447,15,1.6,4458887,0
221782,17,3.1,5249876,0
92688,4,5.7,4223445,0
20597,7,4.1,4990549,0
19573,21,11.6,3836396,0
155796,21,0.6,1419942,0
10206,7,12.7,3017382,0
65699,0,9.2,1787277,0
101611,7,22.1,2714684,0
722215,13,1.6,5927703,0
80518,1,11.1,6568474,0
495299,21,5.8,1416516,0
46433,18,3.2,2572951,0
135072,16,2.5,4694308,0
46122,0,1.0,6767674,0
977663,8,14.0,2817250,0
13730,22,11.4,3266687,0
99574,11,2.3,3112910,0
178260,0,14.3,3435297,0
14700,7,20.1,950000,0
72696,17,13.5,5514490,0
58122,1,12.3,2229343,1
5832,0,14.7,5195505,0
258532,6,25.6,3082595,0
77776,3,10.7,6788966,0
105491,16,5.6,4453618,0
127298,9,18.0,9844754,0
320049,6,7.7,9198659,0
42910,20,8.4,1859109,0
85331,13,15.8,4259168,0
257994,12,18.2,3117618,0
2658348,23,27.4,4120776,1
523874,9,7.0,2686053,0
43640,21,18.3,2369077,0
56759,7,19.8,2107593,0
21490,7,6.2,1260850,0
652292,23,2.3,2491059,0
92385,7,10.6,2894003,0
78010,14,0.9,2874116,0
368173,7,4.8,4122050,0
109793,8,17.2,3917034,0
374310,17,2.0,1408167,0
71242,10,9.3,2802503,0
58169,12,13.8,950000,0
47474,15,4.1,4953722,0
161028,11,2.1,6259712,0
34698,9,9.2,1921028,0
46640,10,11.6,1667384,0
134009,17,1.4,4839537,0
993392,5,29.9,3529715,1
188749,9,29.0,2735423,0
152861,18,0.9,3507525,0
546960,16,80.6,5750244,1
346960,4,1.9,3249333,0
498903,2,3.9,3385945,0
351620,5,3.9,4113272,0
128179,17,4.4,2333783,0
210983,20,33.6,2246373,0
17642,5,20.8,5465866,0
1279629,10,58.8,6694006,1
229020,0,23.5,1645038,0
88772,0,3.9,3631865,0
62065,14,3.3,5037346,0
2627504,3,63.6,1525184,1
9170,19,3.9,3297775,0
2873615,20,18.2,2961821,0
245452,16,16.7,2919680,0
663128,23,17.5,3011704,0
154127,1,5.1,4383955,0
142155,11,2.9,2966719,0
187698,16,2.7,3949570,0
185826,13,3.8,1511619,0
301545,4,19.3,2044519,0
273272,2,15.2,2409933,0
188741,11,3.4,3191714,0
36842,5,2.1,1807737,0
143561,18,19.3,4559751,0
48704,17,8.7,5722920,0
71703,4,16.1,4945168,0
830888,9,5.4,5181665,0
187511,7,6.7,4788925,0
317724,21,2.9,2230817,0
519750,5,17.7,5549167,0
65293,21,2.4,3911384,0
43017,11,15.0,2189095,0
571038,1,13.2,1839620,0
59255,17,8.3,2154864,0
242082,20,2.5,5814623,0
63072,19,2.6,3563603,0
82328,16,12.1,3633817,0
516071,6,50.5,8329819,0
363316,0,22.4,3267500,1
112506,17,2.0,1828713,0
184787,16,21.9,3124018,0
127550,23,1.2,9476440,0
852394,23,270.2,2461035,1
22480,5,5.0,1761355,0
90111,10,7.1,1803030,0
191442,1,70.0,4614697,1
98336,3,14.8,4838906,0
136115,7,2.1,6667303,0
114838,16,3.3,2213320,0
171009,0,1.1,3283625,0
33328,11,6.5,2679282,0
104534,16,5.3,5957685,0
192620,2,0.9,5615064,0
132009,6,0.5,4820129,0
160220,14,8.4,5552143,0
220154,13,17.4,3277509,0
64897,6,19.5,950000,0
108949,10,1.9,1460032,0
9940545,18,52.4,1608065,1
93934,3,7.1,6252705,0
381072,12,4.4,5440594,0
44442,8,9.6,4386082,0
197954,6,3.4,3227690,0
63606,4,4.6,6608777,0
678443,10,8.2,8791560,0
92454,3,1.0,1648189,0
66524,3,29.0,3557792,1
527372,15,9.4,6105907,0
375149,3,51.2,4189403,1
6813,12,6.4,3320725,0
49306,20,28.4,1940917,0
229836,17,7.0,2887095,0
8450,3,2.4,3336942,0
55870,12,10.1,3924043,0
112339,5,18.0,3132508,0
732389,17,2.4,7015086,0
30664,13,15.7,2929810,1
155806,2,13.4,2881498,0
164091,5,0.2,5299845,0
81850,16,6.5,3464035,0
115599,4,3.9,2824713,0
34130,18,31.7,1651921,0
129520,9,4.9,9288244,1
52357,21,3.1,5093561,1
424448,13,22.1,3030380,0
23632,19,10.3,3560003,0
79854,10,5.0,2867217,0
109246,11,15.3,1790251,0
58284,19,10.1,3829494,0
126492,1,2.5,1626411,0
580735,11,1.9,2243932,0
161222,13,16.7,11158114,0
74508,13,13.6,3949015,0
35628,3,8.1,2941158,0
151381,14,0.9,8535905,0
36871,8,5.9,4982565,0
97075,15,0.5,2013179,1
79745,17,38.5,3340228,0
123204,21,16.3,6836920,0
205126,15,8.2,2502941,0
155701,12,1.2,5981080,0
166054,14,0.3,2383304,0
1032934,20,13.9,8027285,0
182980,20,7.3,5201522,0
301449,9,10.4,5050024,0
84085,22,46.5,2626355,0
104206,2,21.8,7825739,0
600393,16,9.7,2386309,0
134524,6,8.9,7945348,0
70603,4,29.2,6115850,0
109014,13,4.7,2933112,1
1977512,3,99.5,4727872,1
22452,9,14.8,1851879,0
119997,8,42.3,1939111,0
29642,7,1.9,3372762,0
121835,2,5.8,6054631,0
316090,7,12.7,3016902,0
47773,0,7.9,4773511,0
227173,8,8.1,10424760,0
105601,1,8.2,6189777,0
46698,4,3.1,3671851,0
845825,4,5.3,2023327,0
78886,7,6.2,3319100,0
37516,10,31.5,2792135,0
191387,23,8.9,2514525,0
329318,5,7.6,3377013,1
421392,1,20.2,2475868,1
91436,10,17.0,3270546,0
347358,8,8.0,3232839,0
140875,12,4.3,2625717,0
535784,18,8.5,4318475,0
162171,5,45.3,4330291,0
352247,6,10.3,5631803,0
77674,17,20.2,2105032,0
320506,14,0.4,9276180,0
754622,13,17.6,13109634,0
236689,1,0.2,3958736,0
39309,17,0.4,2207335,0
246163,22,17.8,1467430,0
4050393,4,25.8,3309686,1
32916,20,0.6,5921209,0
276765,18,0.2,5237191,0
386857,21,41.4,1661341,0
131183,19,13.6,1707630,0
490190,11,31.0,1638494,0
44005,8,14.7,8500400,0
541377,0,25.5,2795723,0
217433,0,1.3,7560711,0
242571,14,1.6,3765403,0
65847,7,29.8,2682430,0
33842,4,3.1,2730408,0
19239,21,12.1,2549521,0
153124,4,40.5,5326841,1
150765,19,5.6,1757970,0
181927,3,9.0,2214793,0
198191,1,8.3,6235772,0
118412,22,8.9,2630592,1
334929,14,20.1,2374531,0
105270,0,3.4,2508818,0
47625,13,9.9,4770654,0
18609,8,21.4,6326532,0
108285,11,11.8,2971538,0
21365,12,1.2,3361431,0
46738,12,14.9,5776934,0
160261,2,0.6,11690106,0
141182,11,121.3,7167831,1
506025,10,36.3,2840096,0
276915,23,20.2,2685896,0
78494,19,5.9,3563249,0
302206,2,21.5,2245481,0
43430,6,3.8,1627151,0
55219,5,21.1,1548166,0
305852,6,5.2,1479913,0
164294,6,12.7,2996253,0
47486,0,5.3,2115276,0
192583,23,15.9,4247821,0
198033,1,11.7,6233842,0
100459,4,30.5,2992342,0
11014,7,30.7,2869573,0
434641,22,28.6,3353810,0
136076,16,13.4,2549336,0
231755,22,0.6,2543990,0
501701,6,3.9,950000,0
718062,21,6.9,8488727,0
4159274,1,27.7,2611762,1
3093326,2,30.5,2187833,1
64795,2,2.0,2256586,0
743197,22,39.1,2795457,0
360693,18,1.9,3638144,0
32895,7,21.6,1724526,0
187505,4,3.9,3433420,0
25715,14,18.4,4244967,0
269825,10,8.0,4324221,0
850299,1,149.5,1327903,1
121404,13,15.4,6762577,0
175573,7,12.9,7859402,0
58310,17,8.7,4763631,1
98223,1,0.3,2575523,0
420621,22,17.4,4113858,0
54226,23,3.4,7121409,0
1248478,2,13.9,4157893,0
227733,1,45.7,3400052,0
123892,14,21.9,1913998,0
41763,22,9.1,2043173,0
5259,3,11.7,9671397,0
66253,16,4.2,8851846,0
368096,2,2.1,950000,0
137521,22,2.2,1254741,0
114197,6,7.1,5441995,0
175155,5,6.1,8535554,0
204598,3,7.7,2729631,0
354412,22,8.2,3213700,0
353991,8,73.0,4051195,1
213929,16,6.7,3536281,0
24048,6,16.0,2261766,0
306502,5,5.7,2369895,0
1343278,13,0.0,3581558,0
32648,0,1.5,4911223,0
122645,1,6.4,2397355,0
308096,3,49.4,3646555,1
48320,4,4.6,4575050,0
24916,17,26.9,3461520,0
303065,20,0.0,1967378,0
109384,10,23.6,7197958,0
923410,4,57.5,5241703,1
189906,23,10.4,3798921,0
190137,18,11.9,4091878,0
247872,5,11.7,3273229,0
91213,19,2.8,1908877,1
51277,12,0.8,1733231,0
36913,23,0.8,3115817,0
557075,2,3.1,6417802,0
44478,3,2.3,3340107,0
187921,16,6.5,3987862,0
680357,16,23.3,3172886,0
93382,12,14.6,1253431,0
164295,22,7.7,6080856,0
56696,3,1.2,2930804,0
10647,19,2.0,5304408,0
119835,21,18.0,2847212,0
16405,18,1.7,3283956,0
107503,18,5.4,7064884,0
106283,8,19.7,1140774,0
330291,0,5.5,3227821,0
734413,5,102.3,4803333,1
336023,3,29.6,2391892,0
208150,2,125.6,1857625,1
85648,1,8.0,3569270,0
51043,15,4.3,5544520,0
154601,11,4.0,3903708,0
358109,3,133.1,1249017,1
502155,19,3.9,5365141,0
25279,13,6.9,2472967,0
98100,16,126.5,3437506,1
91793,5,4.0,3034104,0
119533,2,10.2,7204486,0
208877,13,4.1,11400680,0
687109,8,41.7,2132406,0
15000000,0,22.3,2800606,1
59404,15,8.5,3597722,0
1235077,23,1.5,2032230,0
80379,6,21.7,4474131,0
28447,20,4.2,4818809,0
14794,0,8.5,3161463,0
27069,1,3.0,3031073,0
59607,19,2.4,3724074,0
129140,23,3.4,1838626,0
18607,15,23.9,4657756,0
218111,8,1.2,2272639,0
26721,1,3.0,9480812,0
167729,15,15.5,3892325,0
426814,15,5.1,1218544,0
38879,15,4.7,1802848,0
15000000,3,32.6,2356986,1
136744,6,7.4,4340945,0
74485,13,6.4,1595868,0
171814,16,3.8,5189198,0
114313,1,108.7,2494984,1
113694,4,2.7,3586421,0
65640,5,1.6,5572888,0
390209,6,6.8,1566425,0
108568,16,61.1,2201075,0
99801,23,16.1,8027912,0
4072,5,3.5,1536441,1
165115,19,6.9,1587383,0
56398,21,5.6,1430062,0
236169,2,1.5,3412871,0
16635,10,16.9,8477826,0
110801,18,31.1,5022380,0
208937,19,11.9,2379374,0
119248,15,124.9,2087789,0
149458,1,3.0,3100123,0
31940,22,16.5,9275776,0
72585,16,12.8,5090518,0
1028368,8,9.6,6735442,0
1265592,7,15.5,5722701,0
122547,10,16.3,9232566,0
350633,10,23.1,1767010,0
13686,7,15.1,1546501,0
163279,12,0.0,2770693,0
145418,18,6.3,3082752,0
212949,15,6.9,8002794,0
334243,22,21.1,6473683,0
77812,10,2.1,2972863,0
257092,17,1.6,4267232,0
2119041,3,73.3,3450744,1
243699,13,7.7,5384213,1
323026,9,0.3,5567762,0
39824,13,16.9,2499644,0
349158,19,94.1,4190899,1
97029,1,28.5,11072234,1
290902,10,1.7,7409274,0
109767,1,19.8,4450125,0
80040,20,10.4,4142217,1
61415,15,3.7,4822097,0
317699,14,0.2,1921349,0
30206,0,1.5,4152684,0
140485,6,1.8,2491653,0
2037073,9,17.5,4486602,1
4383079,13,1.3,1775837,1
261603,18,0.7,1688330,0
86767,12,12.6,2412300,0
452422,6,53.0,2551341,0
37256,23,9.4,2078191,0
80778,2,3.7,1929831,1
180590,17,35.2,3846750,0
347598,11,457.8,6279534,1
37017,14,5.0,4161172,0
46486,13,11.9,3636878,0
105315,7,41.1,4080366,0
327357,11,0.7,3073934,0
78524,4,7.4,5471285,0
152899,3,6.3,1917811,0
140971,21,3.9,10134275,0
119007,21,16.4,3917902,0
100091,1,15.5,4517964,0
136338,7,7.8,3249019,0
112185,19,17.8,4524410,0
179850,0,5.4,2247899,0
211256,23,7.3,5787528,0
148278,14,4.2,1569243,0
553486,4,70.1,7227655,1
92830,1,22.8,6178867,0
37376,21,7.7,3925746,0
19415,21,19.4,1940664,0
189756,21,8.9,9686817,0
462602,6,2.9,1903970,0
28854,0,2.2,3053458,0
128173,0,32.0,7001270,0
29181,23,10.8,3462417,0
23068,21,6.0,1156063,0
333844,21,41.0,4305068,0
95762,0,12.7,5029419,0
28512,1,23.7,1762903,0
514452,7,12.3,3381527,0
38566,15,50.2,1914434,0
36874,22,3.1,2586016,0
220980,22,2.9,3393894,0
26931,23,12.8,2720498,0
1580543,6,17.9,3122889,0
414486,19,20.3,3284043,0
68891,4,1.3,7928984,0
281021,20,12.0,2710158,0
745782,16,2.7,3087245,0
70881,2,5.7,1739749,0
212953,18,4.4,7021054,0
402211,17,7.7,2794464,0
17498,22,9.4,15490079,0
78395,0,25.6,7804012,0
145269,6,18.0,1811641,0
58598,8,1.7,1811072,0
491589,22,34.7,3101224,1
146522,13,0.6,3060920,0
120498,16,8.4,4863037,0
81097,3,0.4,4272984,0
924622,1,147.2,3086576,1
29465,21,11.7,3194085,0
223908,13,11.0,2196494,0
287952,4,3.9,2535011,0
208237,14,7.0,1792232,0
958058,0,102.5,1585275,1
75522,19,4.4,4223022,0
98455,7,3.4,1547690,0
251125,2,31.1,7870206,0
244237,0,11.7,2622969,0
17109,4,14.4,1333336,0
66817,13,30.0,5094531,0
5904990,12,28.5,5025569,1
113462,11,0.6,3153215,0
93674,7,20.3,7461790,0
77457,14,9.0,5069599,0
975115,2,54.4,3708869,1
73302,14,21.2,2486731,0
134947,12,40.1,1212610,0
40028,20,1.9,2450329,0
351355,13,2.8,1583224,0
379837,2,27.3,2528597,1
249052,0,5.8,2875516,0
223144,13,5.1,2725932,0
77235,5,6.4,3443754,0
211581,13,2.7,6025934,0
204828,2,2.9,2388260,0
132498,11,34.0,7980325,0
318187,9,1.6,6040552,0
339948,11,14.1,5280794,0
215374,13,9.6,2591785,0
235545,7,14.1,2826558,0
298231,2,2.6,2728973,0
125260,0,14.0,1651691,0
230099,17,2.3,1345556,0
66972,6,16.5,3109542,0
334846,2,29.9,5555381,1
59507,4,75.5,5184995,1
199873,17,207.7,3296487,1
270649,20,12.5,3694907,0
278579,3,45.0,13974180,0
72993,15,0.4,9274368,1
163527,14,10.5,4490733,0
50296,0,1.5,2646449,0
117306,10,9.7,6400589,0
80281,22,47.1,12813923,0
589640,21,4.2,3791961,0
114438,20,3.3,950000,0
487239,0,8.3,4837476,1
592214,3,24.3,3273256,0
167180,15,2.5,4562365,0
67588,9,31.2,4544266,1
191382,16,14.6,3254631,0
99193,4,34.2,3101291,1
69683,1,35.6,2405421,0
142593,0,16.4,2072356,0
63261,0,14.9,2155357,0
163459,8,2.6,1446017,0
78471,9,8.0,2854884,0
446832,12,2.1,1958987,1
126969,13,32.5,5652455,0
448740,9,28.3,6203171,0
106334,13,5.7,3404545,0
777050,11,14.9,3663536,0
366172,14,45.5,2373462,1
69573,2,9.5,2800977,0
398861,5,19.8,2190821,0
13755,1,12.2,4665338,0
23772,14,3.6,2918165,0
77731,1,3.6,8114058,0
458495,17,5.1,3079044,0
250214,21,26.8,4621401,0
167824,4,4.5,2011509,0
19042,9,7.3,5752930,0
385658,10,11.3,2748654,0
37424,5,18.1,4579887,0
146486,0,14.4,2759004,0
514072,21,0.1,5133934,0
711411,7,25.1,3375056,0
79832,4,47.9,3217220,0
113016,3,23.2,2719576,0
65485,14,0.7,4685248,0
27181,16,1.9,4129502,0
37426,2,7.7,1529820,0
482296,6,15.2,5004063,0
68403,3,15.5,3742765,0
18476,1,134.8,5216123,1
650881,23,3.9,3675288,0
281533,5,37.8,1979332,1
228113,13,6.1,6380844,0
249716,20,29.4,3544243,0
58770,1,24.2,5405085,0
77614,17,42.6,5216747,0
77514,12,4.1,3157129,0
17311,1,5.7,3980911,0
126262,2,50.5,1716717,0
61872,11,0.6,1535830,0
51840,6,24.3,3387771,0
276415,15,4.2,2069655,0
208702,2,3.2,2246308,0
669902,6,5.8,6630644,0
78146,3,25.1,7674244,0
68634,13,15.5,9117038,0
83479,7,25.6,1416812,0
116362,12,17.1,1830371,0
248094,18,9.8,1547027,0
197051,22,7.4,1865527,0
222588,5,9.9,5077991,0
3102318,1,46.6,6775425,0
483827,22,16.9,1654436,0
16704,22,7.9,1113912,0
65386,19,0.0,5544281,0
1619883,15,29.0,5591819,1
179065,18,10.2,3730919,0
50189,0,3.1,5744707,0
435845,5,16.0,2966749,0
15070,8,6.7,4665337,0
100494,23,0.3,7007670,0
128064,1,6.7,6382870,0
37462,23,16.6,1082515,0
231708,7,4.8,2307624,0
150227,13,13.0,7088263,0
72654,8,2.2,4455879,0
634196,22,7.3,2375021,0
87127,19,2.9,4143610,0
53849,19,0.6,4656142,0
51923,2,19.1,6193658,0
36922,17,27.7,1766937,0
86104,16,0.2,1597865,0
2245641,0,63.0,4289337,1
31283,17,11.3,1830261,0
135642,5,66.0,7194356,0
131707,0,4.1,1981603,0
312792,7,270.2,4561590,1
93183,8,171.2,2437280,1
471927,1,8.1,4508815,1
160929,11,162.2,950000,1
117888,10,21.0,4694457,0
56008,0,0.0,2862566,0
302876,17,14.9,2620340,0
258053,7,9.9,2596927,0
73486,2,8.8,4460434,0
72251,4,109.6,6710769,1
158116,7,0.8,3264246,0
42046,0,8.7,4083535,0
137290,1,1.4,2972957,0
177509,0,18.4,2103195,0
220411,1,10.8,2298732,0
380211,19,20.1,2808685,0
30063,14,2.5,5750202,0
44223,5,2.8,5284166,0
35381,13,23.1,2319405,0
219041,9,19.9,4236599,0
50337,10,10.5,1785333,0
4611,19,2.4,4973859,0
116404,14,28.5,2787083,0
4297384,16,0.5,1828660,0
308737,19,7.6,2298926,0
92255,13,6.3,2412752,0
13150387,2,173.5,6164587,1
52815,19,7.6,2778173,0
1560402,1,64.0,2513812,1
425473,23,152.9,4504007,1
215499,9,2.3,2986701,0
89943,13,1.5,1773388,0
46137,14,9.7,3462560,0
80554,12,3.6,3771973,0
54271,3,4.1,4223131,0
400988,4,23.2,1865597,0
727387,10,5.6,4291555,1
234573,8,2.7,2739466,0
82823,23,6.6,3920473,0
519682,21,6.8,6364396,0
173367,13,2.8,1136268,0
85142,4,19.8,1666376,0
145876,10,12.4,4711631,0
334563,16,25.7,2882958,0
427819,22,0.8,3822019,0
48544,19,1.8,5064373,0
53995,2,52.9,4638192,0
207183,13,15.6,4703060,0
225416,0,3.8,1698574,0
110313,22,11.8,1759356,0
105798,12,8.9,3855093,0
79167,5,31.2,4630767,1
34774,13,0.5,2830447,0
105476,11,19.1,1720015,0
243431,20,26.0,3105652,0
146596,20,4.4,2291170,0
59098,12,10.6,6161387,0
106188,21,16.2,1128385,0
201575,9,19.1,1988916,0
1027185,22,32.3,2284348,1
1204024,0,78.7,6154554,1
287726,15,7.3,3151029,1
14489,7,34.6,4947515,0
321936,3,2.2,4942967,0
74421,12,22.1,1667615,0
53011,8,13.8,2843015,0
82365,13,11.9,12766527,0
1302904,15,0.2,1679842,0
24604,20,5.1,1569774,0
2931156,5,44.5,1437369,1
36632,6,1.5,4934135,0
5893,13,15.1,4414831,0
28872,21,10.3,9460391,0
101367,21,8.6,4676293,0
587355,21,5.2,3372063,0
2234135,16,104.5,2112870,1
165785,6,7.8,1845205,0
421345,5,16.9,4329201,0
1236433,21,35.4,2443768,0
70354,11,19.9,7285949,0
69015,12,15.6,3167473,0
153080,12,1.7,2019856,0
890492,5,25.9,2647280,0
19198,8,3.3,4446100,0
142498,8,94.4,3193127,0
109744,9,22.2,5115575,0
36538,16,18.0,2509280,0
463331,8,6.6,3615870,0
15332,23,14.4,4867271,0
25874,15,14.8,1522380,0
516730,5,14.4,4186060,0
98274,22,6.1,3730916,0
109956,6,23.2,10587486,0
41835,17,0.0,6702041,0
73658,9,5.6,15866761,0
122049,15,4.0,2157442,0
1138089,20,6.8,2391895,0
303566,17,6.0,5430781,0
25945,0,3.1,6374119,0
262705,22,2.2,2111373,0
500524,22,1.7,1235824,0
100745,0,52.7,6726073,0
840102,4,40.7,7059061,1
185093,0,21.3,2479703,0
285751,2,6.0,2948191,0
12592,6,13.7,2890714,0
699102,22,7.8,1918964,0
87347,14,14.6,4163827,0
117330,21,1.5,1017507,0
216268,19,5.9,5665507,0
83962,0,3.8,5508034,0
500571,13,40.8,5723067,1
27359,23,0.4,2158679,0
64311,23,3.6,1661325,0
176965,6,8.7,4789967,0
22751,18,36.4,2655056,0
223759,18,16.4,2882632,0
2283153,2,117.4,4896379,1
154952,21,12.5,3753664,0
103590,10,6.7,3402864,0
595751,2,1.0,5221459,0
65253,22,20.5,8351096,0
83714,13,5.3,3277588,0
201905,1,0.6,8076820,0
126389,7,5.4,2883209,0
176955,10,11.9,2750358,0
86958,20,12.2,950000,0
224905,8,2.3,1079592,0
1080441,14,9.3,3516315,0
314338,17,3.2,3764827,0
277099,17,4.6,1297493,0
112813,2,15.3,2601375,0
58215,18,8.7,3026416,0
156945,12,24.9,1516988,1
104421,1,20.4,3062292,0
587876,13,151.6,4807474,1
467972,4,5.5,2942539,0
133105,5,1.5,4361082,0
231928,22,11.0,3063887,0
93833,20,7.9,2511166,0
44772,18,29.8,4338760,0
135408,1,2.7,4792972,0
469298,12,5.8,12243833,0
67378,12,9.6,3395204,0
111299,23,0.9,2228936,0
829962,0,11.7,2777068,0
63155,11,9.4,10649226,0
144373,23,73.1,11561594,0
43648,14,5.3,4259574,0
368028,15,1.6,5433912,0
822901,14,8.0,2616272,0
62145,5,11.9,3853140,0
152873,7,4.5,1677344,0
8507,23,0.5,7686083,0
29141,11,0.9,3603286,0
138900,3,20.6,2517492,0
197754,15,1.7,2025511,0
68548,4,7.8,4660929,0
280472,21,27.9,4589989,0
58300,14,2.8,2121673,0
280006,20,8.8,6556085,0
25781,20,0.6,3103814,0
89294,0,11.8,5165318,0
154943,11,2.9,2231513,0
313622,1,3.5,3565878,0
12652,23,23.8,6472019,0
175820,13,9.5,5982922,0
484441,2,44.1,2291628,0
39559,23,9.9,7543035,0
357590,2,5.9,3618397,0
84388,3,4.2,2790485,0
269755,15,9.2,5575501,0
587883,16,0.8,3093446,0
324265,5,15.1,5197680,0
360448,23,2.4,5005617,0
183843,3,3.0,2940729,0
921439,19,9.0,4149850,1
73200,17,7.2,2026557,0
158606,2,124.2,2955149,1
144095,22,21.9,1880170,0
16973,21,2.1,3753550,0
277790,2,26.8,950000,1
78072,13,1.2,4021746,0
64371,2,24.0,2865424,1
162755,5,14.2,3925871,0
189957,0,1.9,3616153,0
91390,13,6.3,2908607,0
341863,7,7.2,7259273,0
108842,3,33.6,4962880,0
32023,4,0.4,4583509,0
58997,0,13.2,3443309,0
85687,10,6.9,7276484,0
158691,19,2.4,1820622,0
24212,16,1.6,3507477,0
37197,4,12.1,1633771,0
34285,0,14.2,5444983,0
640360,19,11.8,3148002,0
122608,7,30.8,1926032,0
27628,18,35.8,3410776,0
390066,23,13.3,5182496,0
156949,11,4.1,2907608,0
93174,19,6.0,4640864,0
70923,1,19.1,2115353,0
112399,14,12.4,9061120,0
67303,12,3.0,4074178,0
140472,18,46.4,2505350,0
115493,15,6.7,2236261,0
937581,12,3.0,5523552,0
162686,3,11.5,2766885,0
266043,8,19.8,4255772,0
219863,1,2.9,3252007,0
58385,3,12.5,2859082,0
22810,15,3.4,3134712,0
36449,19,12.3,3881929,0
154792,1,28.7,2803779,0
158612,7,23.5,2383256,0
59509,23,0.6,1827603,0
101951,8,17.8,2297014,0
44271,19,11.0,6849037,0
195281,20,5.4,5242380,0
446651,4,28.5,1936302,0
27588,13,6.2,3537643,0
2909459,4,100.7,8074668,1
255243,17,11.5,1747088,0
288893,10,3.7,4054322,0
140444,0,27.0,5285364,0
80247,0,52.5,5779086,1
85190,15,6.8,2302554,0
159421,6,30.8,5770755,0
283626,14,5.5,1141758,0
93687,10,1.7,4132749,0
714969,19,3.2,3620900,0
37626,13,1.5,5256636,0
10307,10,4.3,4384916,0
54960,9,0.9,3700753,0
186881,0,3.0,5318968,0
197795,23,7.0,2616112,0
249567,11,224.5,2467877,1
152172,3,2.7,2246032,0
168626,11,0.4,4574265,0
45511,6,1.4,1936741,0
1493320,8,10.0,1322321,1
71384,16,11.0,2457215,0
21767,17,7.6,10486737,0
227007,17,0.5,9269937,0
94198,12,10.1,4331535,0
1045439,7,21.0,4246192,0
31709,23,4.3,4564629,0
53188,11,4.5,3106827,0
199559,5,4.6,4024276,0
56166,15,7.9,5502185,0
609968,2,12.0,5342516,0
105170,18,28.7,2349647,0
12375,13,7.5,6330136,0
1303352,0,107.6,10317987,1
485287,22,25.5,4954805,0
259022,23,7.1,4276128,0
122974,2,2.9,4593794,0
31278,2,2.7,4990886,0
409126,15,19.3,1159388,0
462090,15,0.3,6100324,0
134451,14,14.1,4816853,0
126396,20,17.4,3815754,0
123196,10,21.2,2471928,0
226785,2,4.6,1462859,0
1000634,6,19.4,2986478,0
56215,3,9.4,2543150,0
787473,9,0.8,3627928,0
98901,6,1.5,2769100,0
136660,3,5.8,10710444,0
154980,0,0.4,1808495,0
270024,10,7.3,4236228,0
316978,10,7.4,3798762,0
87388,0,116.0,4465783,1
205288,18,6.5,2248604,0
24321,2,1.2,1271002,0
849037,22,4.4,3226202,0
23809,14,8.4,2224516,0
105516,12,4.4,2757078,0
1676376,3,0.5,2520139,0
61015,14,6.0,2448047,0
1720492,15,4.5,4678128,0
335462,0,22.9,1619104,0
171643,19,1.2,2266337,0
413965,8,9.8,3469796,0
133631,8,20.2,5111796,0
96276,17,7.4,4339175,0
128931,11,36.3,2916657,0
111831,5,9.8,3224388,0
134864,12,4.8,4332648,0
45827,1,5.5,3316158,0
403129,18,2.6,3675669,0
63095,12,9.7,2896656,0
113114,17,11.3,2182125,0
1489030,10,110.0,1683632,1
1095053,15,2.1,7942684,0
62792,18,8.9,950000,0
90278,3,3.4,1479532,0
253492,18,1.9,1762255,0
168191,22,3.6,4233343,0
19599,12,10.1,3144985,0
123248,19,31.4,6217186,0
17614,19,9.9,2726326,0
8521267,4,25.9,3823493,1
58613,3,4.9,2526750,0
26253,6,4.0,2974033,0
96116,6,3.4,2056344,0
330824,19,5.7,1421916,0
67830,10,3.0,3426469,0
91333,17,8.5,4109601,0
133876,8,2.1,12115581,0
165550,8,1.1,2487454,0
74529,20,0.7,1643927,0
61335,3,13.1,2339276,0
244962,10,5.1,4638826,0
374166,6,0.3,2652111,0
2104220,0,95.0,2287877,1
102916,2,9.1,3292905,0
583121,5,6.6,2258104,0
15472,22,28.6,5456619,0
539909,12,9.2,4263610,0
96766,0,19.7,6054344,0
55239,13,2.1,1773848,0
5906,11,51.0,2926722,0
111091,18,12.3,5686395,0
357737,15,2.0,1758956,0
191999,23,8.7,1929350,0
36225,1,8.0,4968332,0
635785,15,19.3,2016816,1
376303,7,4.4,1486972,0
270304,11,0.2,2038658,0
16487,15,12.8,1517940,0
206449,9,36.3,1674903,0
1046032,2,2.2,2516564,0
1112048,0,60.4,2762078,1
132163,7,21.6,5322571,0
539258,10,3.9,4478810,0
876549,18,1.3,5700551,0
156404,16,23.0,3994893,0
30494,19,9.2,2706613,0
13125,15,12.0,5181455,0
86931,10,21.6,5824157,0
137584,1,3.1,4830619,0
1131580,21,19.6,5546171,0
489693,19,1.4,2287589,0
146290,6,22.2,2516462,0
35530,3,35.2,3166686,0
281407,23,1.2,2811693,0
208988,12,22.5,3322294,0
4141820,2,149.1,4679401,1
746656,17,22.0,2294070,0
174954,12,17.5,3551506,0
1117247,1,298.2,2081253,1
402141,1,56.0,4301290,1
13802,1,3.2,1694297,0
39649,16,19.9,2968420,0
803555,20,10.4,4157329,0
128192,0,39.2,5063264,0
554217,20,87.4,4248740,0
263972,10,18.2,4601155,0
49332,6,8.5,10798457,0
138244,3,7.0,5301117,0
148423,13,1.4,3616109,0
464465,9,3.9,6529814,0
84362,0,23.1,9386568,0
161499,17,2.6,6085619,0
334642,19,5.5,5909823,0
28709,23,42.9,4033024,0
292785,13,1.8,3332322,0
450106,1,129.9,2653586,1
332274,6,8.8,4047176,0
296740,0,96.9,4092881,1
323172,14,17.5,3389005,0
292116,0,3.3,2454870,0
577563,1,8.9,3241350,0
100725,10,29.2,2873027,0
131483,3,11.1,1620832,0
54316,23,3.9,8605506,0
33243,3,5.8,2658382,0
83748,1,0.7,3158417,0
52835,15,6.1,1739818,0
952306,19,8.3,1635385,0
199038,21,17.7,3992309,0
192329,2,5.1,1967746,0
67857,14,12.0,1993678,0
149369,21,8.7,2352949,0
156749,19,3.1,5350247,0
196897,2,13.2,2065083,0
3130415,2,61.5,11350829,1
176116,13,2.9,3178330,0
17735,12,4.0,7495126,0
73148,16,0.2,12652460,0
109111,12,37.8,6367050,0
9027,22,1.0,5784632,0
370103,1,18.4,6195975,0
268859,20,5.9,3636008,0
268618,17,0.5,2231025,0
257317,3,11.2,5192022,0
79492,13,42.3,3392725,0
114761,19,4.2,3753576,0
80122,17,14.5,2764676,0
151193,20,35.2,2573465,0
218427,11,7.3,3237158,0
70332,1,9.6,2174509,0
63261,18,13.3,1821891,0
161942,9,7.2,4009169,0
72962,2,0.3,1483664,0
37806,10,11.1,1963296,0
134670,23,6.8,1119028,0
17847,1,20.9,2240444,0
123336,1,24.3,2686230,0
470785,11,18.6,5795875,0
44862,10,4.3,2009762,0
263544,12,5.1,4167844,0
106834,0,123.1,4360770,1
310843,8,6.6,3406632,0
222980,15,6.3,5109597,0
925304,10,5.9,3213164,0
2058117,3,38.9,2162309,1
63525,22,7.1,2313800,0
51941,20,12.8,1832782,0
126961,18,7.3,3021535,0
165338,17,2.4,1978821,0
170389,9,7.3,1682599,0
50438,0,20.3,4759107,0
49884,7,19.7,3898047,0
223327,14,16.2,8032978,0
18599,8,12.8,3768915,0
260375,7,0.1,3354313,0
25325,12,12.2,9883200,0
43231,13,6.4,4072658,0
160406,13,2.1,2120200,0
154965,5,197.3,3892360,1
180232,11,2.1,5189414,0
190405,18,2.9,4041224,0
149575,2,2.2,3731581,0
288869,0,7.9,3600173,0
7710,10,1.3,4961630,0
32769,7,72.3,3774713,0
66331,17,8.3,5367209,0
11611,23,11.5,5873326,0
22140,8,3.3,5214471,0
862340,0,10.0,4743001,0
85146,13,4.2,5338584,0
464198,0,15.6,2876219,0
334469,11,12.5,2590507,0
134590,23,10.1,3886990,0
984207,18,13.0,4865248,1
125068,3,0.4,2627716,0
55393,22,0.9,5003203,0
161010,11,11.5,2567544,0
114752,20,11.5,2800187,0
24842,18,2.4,2082027,0
22401,16,13.9,3655463,0
16766,22,15.1,950000,0
1463306,7,13.5,4656612,0
41196,1,10.5,3247617,0
52652,21,4.2,3370477,0
28147,9,23.7,1883594,0
406451,17,16.7,5005470,0
5919,22,3.3,4234896,0
731139,4,6.0,2730289,0
80661,8,7.5,2805872,0
22503,18,12.9,5074690,0
110743,10,5.6,3259733,0
1124003,11,6.7,7384831,1
88980,18,1.2,12750118,0
71487,10,16.4,4447965,0
269300,4,6.3,3289335,1
97263,18,7.1,2584523,0
310354,1,108.1,3929420,1
2214577,14,5.1,3385842,0
190440,5,96.0,6894105,1
934162,5,30.2,5458076,1
142222,8,73.2,4078071,0
24400,5,21.6,2054531,0
330430,6,3.4,3541916,0
148837,3,26.7,3187940,1
44049,14,2.1,3989341,0
55447,0,6.7,3645556,0
85322,13,1.4,2354713,0
9816,15,8.6,6517313,0
165805,5,13.5,1205037,0
89437,19,18.7,2570304,0
438313,11,16.0,3023709,0
375762,3,7.2,2154015,0
543953,11,19.5,2413602,0
916980,1,10.2,3061302,0
349657,16,56.0,1265966,0
79277,7,6.7,1160297,0
153127,7,225.9,3168050,1
616096,22,1.8,2395598,0
326743,9,0.2,1439831,0
163493,11,12.8,2018383,0
41469,20,24.9,5865567,0
81899,6,3.8,8462696,0
79767,6,11.6,1833184,0
64470,1,17.6,3038486,0
202508,6,2.7,3886751,0
709219,17,17.0,2365118,0
144280,16,33.6,4366652,0
57293,0,2.4,4971589,0
112664,16,10.8,2012110,0
165188,15,14.5,6621064,0
102650,20,12.8,4308928,0
38784,12,10.6,2105324,0
149302,3,27.3,4737209,0
1765429,3,343.6,2969603,1
1241948,14,27.0,11079939,1
74576,23,3.6,1624325,0
149409,3,0.2,2703460,0
41546,21,24.0,4512758,0
450999,0,5.3,3369309,0
215138,11,0.9,3122321,0
1840388,21,1.6,3368498,0
63152,21,35.6,2431906,0
527363,1,8.0,4012183,1
178255,0,7.4,8863229,0
238846,10,12.0,3619800,0
39838,10,13.6,3992342,0
90892,5,4.0,3338147,0
45810,11,5.8,5916362,0
76778,0,67.0,6642524,0
209859,0,169.4,2131960,1
99626,4,5.0,2403512,0
114757,6,4.1,2798997,0
182615,7,4.3,2694692,0
29492,12,8.9,2077319,0
88078,4,7.8,2995898,0
55379,12,39.6,2351830,0
104015,13,6.8,1947917,1
560880,12,4.5,7006932,0
1820397,19,135.7,1743418,1
107454,14,6.2,2531095,1
118583,13,6.8,13892338,0
172254,19,5.1,4403720,0
139632,9,0.4,1640058,0
326364,5,15.7,5240017,0
68514,11,20.9,3361748,0
22544,7,21.8,2737373,0
59728,23,1.0,1459292,0
20649,19,7.0,6864344,0
16322,13,16.4,2954365,0
168306,8,3.5,1952937,1
34590,22,13.0,4710247,0
12718,0,17.9,7896328,0
19614,14,34.7,10483504,0
111742,0,8.3,2082993,0
129344,17,8.4,3536338,0
38586,10,11.3,6987101,0
226408,17,4.5,3508551,0
98391,3,1.9,2332437,0
71731,8,20.2,2750388,0
1066012,1,2.6,4102060,0
28992,9,2.2,4681561,0
24591,3,27.0,1734480,0
89493,18,14.2,7334247,0
233466,0,8.7,4968231,0
88176,16,43.4,4281783,0
46150,22,12.4,4270544,0
28555,15,9.3,8612010,0
26455,8,8.7,4611439,0
77261,23,4.3,4622198,0
76264,3,6.9,10036403,0
205989,16,13.8,1397275,0
132958,15,1.6,3398528,0
128044,13,7.4,9663537,0
88975,0,12.2,3960896,0
752654,13,13.6,2481497,0
839221,17,1.1,1293617,0
504302,9,22.2,4433615,0
136455,18,1.2,4158040,0
101654,23,27.0,3821950,0
185967,16,22.7,2886400,0
1168472,6,196.7,3643442,1
843542,6,9.4,2375494,0
137131,12,1.3,7879976,0
94886,19,0.6,3368704,0
383507,4,17.6,5649794,1
376971,13,50.7,4135937,0
105530,7,7.3,2629098,0
790317,10,8.5,2761812,0
89717,11,31.4,5018342,0
126219,17,1.7,4546268,0
125556,12,10.6,1508529,0
43376,3,38.5,5167786,0
96468,12,14.9,6198504,0
130649,10,4.6,12122979,0
184377,1,3.3,950000,0
44081,10,11.9,1793488,0
67931,0,8.8,3330042,0
472537,3,77.4,2477050,1
207234,22,1.4,4087514,0
1700616,11,78.2,4005942,1
478946,21,16.7,1566827,1
257528,15,10.9,4547369,0
284808,19,30.2,1814733,0
287223,15,11.9,1854941,0
361386,15,41.1,1281158,1
86132,5,6.0,5234773,0
19969,4,9.3,2376713,0
112504,10,10.2,3853526,0
259113,23,3.7,8212177,0
370683,9,4.9,3471374,0
109232,22,40.7,5863908,0
85916,1,218.5,4709424,1
25794,12,3.7,2821591,0
304418,1,16.5,2605617,0
61991,9,1.8,3037113,0
89334,21,0.1,5500887,0
18837,8,1.1,3166710,0
317109,21,0.3,2333404,0
766344,14,8.3,6262091,0
67952,16,5.4,7776978,0
648389,20,20.7,2254942,0
1084007,7,0.6,9222229,0
125444,4,19.9,1173571,0
1714725,1,1.3,950000,0
59818,13,4.7,10901478,1
250691,3,1.9,6793696,0
86683,8,5.3,2752092,0
87427,9,23.7,12647775,1
260263,19,12.8,1516145,0
57824,7,1.9,1206399,0
273378,11,3.3,1029409,0
212183,22,7.0,3101730,0
41474,13,5.0,8330100,0
3096437,3,4.0,1319734,1
62213,6,26.3,4579375,0
256962,1,19.1,2244255,0
42767,23,2.3,4816616,0
183238,22,1.1,5965408,0
200337,14,4.9,2999480,0
139946,12,27.0,3320130,1
2242964,6,15.1,1945662,0
83502,10,1.9,2541980,0
122009,20,2.8,11358409,0
50938,18,3.5,1532839,0
78180,10,2.9,6150458,0
54830,23,2.5,1783977,0
180426,5,2.1,1524290,0
55645,1,0.6,4774810,1
999931,10,22.2,1666600,0
204236,9,23.4,4750904,0
47671,14,9.5,1665035,0
26890,0,22.2,3368729,0
509934,13,25.0,6037837,0
73384,9,2.2,2631180,0
72085,23,9.9,2427525,0
3793,8,9.0,4827175,0
12649,5,0.2,2934640,0
154670,21,3.8,3877501,0
219167,0,3.1,5894091,1
298300,5,35.0,6769254,1
298742,1,7.4,1375670,0
498494,9,17.9,3140792,0
536921,19,24.3,9226078,0
45589,17,0.8,999591,0
139209,9,2.4,12391954,0
143437,15,6.6,3550596,0
391161,22,30.5,5776343,0
150958,14,17.4,1818667,0
115955,18,14.2,5832267,0
48147,5,8.3,8000373,0
116202,12,3.2,3209981,0
214012,0,4.8,3515856,0
55494,9,24.3,6469730,0
36739,11,2.9,4063859,0
34382,0,4.6,2060716,1
226435,6,13.7,4238704,0
100040,7,2.6,4900336,0
188961,11,2.1,4040910,0
33533,1,7.8,4803364,0
937309,3,110.6,1777862,1
18458,11,23.8,8171783,0
67238,11,0.4,2189280,0
76188,2,2.1,3783349,0
41313,16,15.1,11232358,0
44429,23,7.0,8116565,0
105434,13,14.1,3821012,0
74985,0,11.2,4217555,0
826370,6,14.7,1519054,0
274006,12,3.4,2709554,0
452015,18,3.6,4827164,0
285466,23,9.0,2574770,0
227360,0,5.4,11134970,0
351966,13,2.9,5213011,0
1411743,2,13.5,2570159,1
77083,8,1.0,3231124,0
48909,14,16.2,1860293,0
123351,14,9.8,3132851,0
46060,16,8.0,2110286,0
118609,23,6.2,2857413,0
582017,22,7.4,4265448,0
13695,19,0.1,6750363,0
61125,20,13.4,4806530,0
630391,2,339.5,1157286,1
478326,21,50.2,7742952,1
170336,2,48.7,4587996,0
1078086,2,7.9,3066317,1
402113,23,8.6,8488420,0
24997,6,6.9,3876796,0
94596,12,6.6,1999781,0
50316,16,2.9,16000000,0
35919,23,39.2,9496967,0
42096,1,1.9,4695375,0
145222,14,35.3,2583542,0
152994,10,21.7,2180434,0
523136,14,6.7,954957,0
49299,11,2.6,6456599,0
24533,8,39.5,6582029,0
81851,0,19.7,4532634,0
34318,23,25.8,2646742,0
859029,4,1.6,4279280,0
9317,18,13.7,2532447,0
44624,13,21.8,3181457,0
64084,22,3.0,6320611,0
166993,0,3.9,2917000,0
922495,2,9.3,3205783,0
171296,15,3.5,5911387,0
46991,15,14.0,4555546,0
356836,13,5.5,1124046,0
222766,18,1.2,5759636,0
165207,17,28.8,2477013,0
189346,9,22.5,5411077,0
137755,5,12.0,7904989,0
604604,0,49.0,4534345,0
111532,2,77.6,3278841,1
22754,14,24.4,5897463,0
79343,12,0.0,3324317,0
200193,7,19.4,5723720,0
416653,12,29.0,2818963,0
106933,7,8.9,6524359,0
353681,8,8.2,2685661,0
137630,8,6.2,2445083,0
153504,23,0.5,2354744,0
220192,3,1.0,5055267,0
335738,11,2.3,2248529,0
756064,5,6.2,3016145,0
1570893,15,11.3,4981031,0
374894,14,15.1,1616966,0
97111,11,33.0,2174577,0
153353,15,3.9,3429697,0
166935,16,24.7,2707649,0
17894,21,23.4,9231890,0
123837,6,8.5,6848970,0
99586,11,2.6,8900179,0
367777,18,5.6,1778735,0
143859,4,10.6,11108790,0
488967,5,17.8,2777566,0
122871,14,35.0,3063096,0
474386,12,28.3,10904038,0
18954,19,1.6,2639500,0
147977,20,3.5,2999187,0
45488,8,3.0,3878389,0
78709,11,2.2,3807750,0
71296,14,7.0,6093781,0
48789,16,21.3,6787731,0
116474,23,1.4,1367832,0
36076,1,5.1,2472641,0
326778,3,1.0,3091745,0
97868,2,7.5,3438188,0
140200,8,3.7,3290841,0
624133,18,9.8,950000,0
56809,19,9.9,2833254,0
27308,7,8.6,10525545,0
105583,8,3.2,7246025,0
187706,0,0.2,1719753,0
77627,17,18.5,2170327,0
220172,23,3.8,1828206,0
41329,14,7.4,4449350,0
3334207,2,3.6,2770579,1
463202,9,5.2,10548446,0
381012,17,5.3,1624342,0
108521,2,10.1,5983501,0
1411148,23,414.7,6416081,1
134003,5,11.1,3850456,0
119821,8,8.6,2344579,0
296336,7,2.9,4062843,0
47639,3,10.4,3347936,0
237531,6,0.1,4729326,0
126230,11,12.6,9286886,0
236408,15,22.7,4549778,0
231585,21,0.3,7242954,0
271133,20,3.4,2864075,0
109331,20,41.6,3828595,0
215547,22,29.4,2016424,0
461297,8,8.7,2321492,0
391780,15,7.4,950000,0
148209,19,8.1,3098431,0
71750,0,67.4,3286192,0
58036,3,5.0,1578950,0
133542,4,18.6,4005996,0
295449,1,1.3,3027173,0
33289,17,4.5,4725990,0
49717,7,5.8,4220322,0
1092300,0,18.2,7942811,1
275475,6,26.6,4549155,0
94737,16,1.8,4992368,0
1749980,2,127.0,1364906,1
35554,6,21.9,3909008,0
1021600,2,9.5,2044372,0
66588,16,3.0,2931172,0
327235,17,5.0,1710054,0
465003,4,55.3,5738007,1
51334,17,35.2,2738005,0
1182929,3,162.4,4759256,1
11027,17,13.9,9518746,0
1780625,1,40.9,3401054,1
125435,21,6.2,6097484,0
436819,14,16.0,2271395,0
143260,19,0.3,3054230,0
174824,11,14.2,1534648,1
183014,5,20.4,2710477,0
294914,8,3.7,2849318,0
359163,1,14.4,2436594,0
318936,0,35.5,5227770,1
428981,4,14.9,1081961,0
885082,4,0.6,4290449,0
367176,8,26.4,3148230,0
31510,7,3.8,5566296,0
210854,3,41.4,3893522,1
67567,4,0.7,4561571,0
42994,12,11.0,1836068,0
204244,23,9.0,5227875,1
468430,22,0.5,4952096,0
29631,3,1.3,1184473,0
124358,15,10.8,1847719,0
66257,8,34.1,8258982,0
180488,12,12.9,6947907,0
69664,1,11.2,3500119,0
135294,15,1.2,2161908,0
18559,17,3.9,5167734,0
58318,8,0.1,4008191,0
2294630,1,80.6,4566181,1
120529,11,23.0,5288985,0
103280,4,7.2,9467378,0
190866,8,13.2,2131930,0
1677762,22,59.4,4099468,1
1229330,12,12.0,2779378,0
2467865,3,12.1,4933690,1
17217,20,44.1,2003332,0
174508,0,21.7,5455491,0
44020,2,1.4,2789423,0
134774,9,7.0,2272451,0
55296,5,4.0,8107457,0
165306,17,1.8,3272039,0
54419,14,57.7,4887242,0
61019,20,0.5,2457190,0
131926,2,21.7,6483603,0
97728,2,32.5,2801238,0
303128,13,3.8,1191725,0
646922,7,0.1,9288585,0
305405,1,101.0,2492974,0
133119,3,20.9,1621883,0
189694,21,6.6,2498447,0
68055,6,0.6,3155307,0
781458,12,5.9,5060798,0
19787,20,6.9,1291681,0
59496,8,5.9,1703432,0
64007,8,5.6,2488556,0
7696,6,7.7,2354032,0
22077,21,12.3,2538756,0
299886,19,15.4,2862025,0
83467,16,4.6,2526285,0
402900,23,16.2,2874551,0
17395,21,13.4,4052986,0
64983,1,3.4,1972599,0
173244,5,3.5,5114642,0
16005,0,17.1,3647355,0
50649,11,5.7,3269396,0
24340,1,1.9,3150623,0
436418,2,4.9,5988804,0
530427,16,7.4,2970493,0
377307,23,6.7,1479921,0
1081090,14,21.8,1922856,1
50209,12,5.0,2011734,0
952915,2,13.0,4884724,0
227675,7,5.6,2551544,0
462237,16,5.0,2166808,0
40182,20,10.7,1990137,0
45122,13,39.7,12301691,0
49020,5,12.3,4418394,0
76142,0,4.6,4174796,0
419950,0,1.7,6109077,0
27479,17,8.3,6094598,0
124600,6,25.8,3527347,0
217520,22,2.5,8372892,0
411178,1,2.4,2960939,0
606050,2,0.1,8031119,0
69746,5,49.4,11368645,0
798890,18,17.7,1294941,0
248165,5,10.7,3045131,0
104595,14,6.7,1999012,0
292964,0,41.7,2681993,0
67025,22,3.6,2298355,0
214028,15,16.0,2134059,0
68538,12,0.3,2730829,0
34781,2,8.2,2157957,0
17817,12,3.1,2680809,0
53420,19,17.4,7609243,1
63704,15,7.9,3386230,0
127250,4,6.6,4350887,0
16023,20,1.7,2014652,0
123345,20,42.1,2378426,0
189076,15,36.4,1334082,0
447007,12,7.5,3193795,0
103777,11,6.4,2793446,0
151920,9,3.9,4396083,0
119019,7,4.1,1653648,0
104642,17,3.5,2698734,0
53478,17,4.1,5038947,0
209535,11,6.6,2066784,0
230108,13,11.1,2553447,0
1208377,16,19.2,5238228,1
124316,6,14.6,4933431,0
144147,13,1.6,2502629,0
318448,0,252.2,2290164,1
1195116,3,191.4,6051376,1
81880,11,20.6,4057477,0
66718,22,3.7,4312517,0
230337,12,5.4,3575086,0
41117,0,44.0,3057680,0
223230,23,5.7,2486034,0
88187,22,9.5,4652684,0
2157459,22,28.9,4628979,1
364138,2,8.3,2688536,0
68410,18,47.3,1740111,0
32845,18,5.5,1560128,0
146587,16,11.6,5737393,0
94300,20,20.6,8744702,0
468271,18,0.2,4680405,0
118286,8,10.0,1306605,0
225905,4,19.6,4417269,0
82858,1,0.6,1712922,0
252816,16,23.2,1655339,0
241167,22,0.2,2690211,0
112894,7,3.1,9656186,0
134931,5,16.7,2100979,0
157751,3,8.9,6017796,0
71882,12,8.6,4559758,0
180497,10,12.2,2545125,0
9441,0,2.3,3928105,0
67585,23,70.7,10390985,0
836636,8,13.5,2703553,1
164001,14,5.5,4063772,0
72864,17,23.0,7127249,0
34834,10,7.4,3003254,0
58468,9,3.9,6456356,0
613386,16,18.8,5272178,0
180641,5,0.9,2588456,0
220983,6,15.1,1200269,0
113050,9,25.9,7805156,0
181200,2,54.0,7620898,0
201723,21,4.7,4365887,0
136709,18,5.3,5418275,1
64489,7,25.3,950000,0
205782,21,31.6,4851045,0
182575,3,29.2,2695323,0
107685,9,2.8,3377993,0
41644,19,11.0,4212658,0
195894,7,6.4,4738495,0
355701,5,6.5,5340344,0
148747,5,4.9,2832595,0
273568,20,2.6,1729609,0
496391,3,3.1,4493656,0
129735,12,18.9,6505943,0
12373,7,5.8,4454572,0
122895,16,14.3,2322940,0
153272,13,12.5,2253492,0
499358,3,10.8,3452647,0
77438,14,5.1,2536326,0
202234,7,19.7,4699829,0
2741276,0,1.0,9865201,1
38537,19,3.0,1467267,0
69849,9,46.6,5744682,0
98970,20,4.1,3160280,0
713615,18,2.3,3409656,0
26620,16,10.1,1820654,0
76374,0,30.3,3766247,0
658525,10,2.6,950000,0
144182,11,2.5,2253856,0
178924,11,25.1,1600302,0
167615,11,10.7,4076343,0
233626,14,31.4,3240483,0
38065,10,10.6,6588945,0
173954,2,3.9,1555542,0
130902,4,38.3,1739619,0
25515,14,1.3,5795687,0
104478,16,16.0,2009173,0
25918,7,15.2,5081315,0
31656,16,2.2,3209186,0
272712,17,10.6,9319257,0
233249,4,6.5,3535396,0
65419,17,1.9,5814910,0
445621,5,0.5,1678480,0
37255,6,3.4,2771253,0
25701,9,10.3,7228386,0
73629,3,0.9,1182478,0
167787,6,22.7,4227772,0
202981,14,10.1,3020243,0
15224,18,27.4,4558359,0
245551,11,33.2,1488524,0
35020,9,1.1,2075241,0
84179,19,40.2,5538288,0
412187,6,10.0,6541700,1
140173,19,1.7,1961656,0
477456,5,14.3,5306465,0
144858,0,12.8,1502057,0
108668,20,0.8,2203170,0
2123668,18,409.7,2558193,1
15562,0,29.8,6081601,0
31009,9,42.0,8062734,0
356315,3,7.1,6868056,0
88765,13,42.9,2178595,0
130589,15,6.1,5026343,0
416747,16,10.2,3480559,0
254152,2,5.1,4027061,0
55741,14,11.5,2988952,0
50111,4,10.6,3359987,0
142419,5,11.9,3285468,0
34807,21,19.7,3585763,0
11817,14,2.2,1514005,0
123856,23,1.1,3009884,1
96556,3,34.6,13479986,0
124122,11,8.6,5665437,0
55348,11,9.6,6307281,0
133571,23,76.9,1786498,0
145632,17,14.5,8341150,0
98858,22,12.7,4285327,0
140588,22,22.1,4856801,0
21985,11,1.1,5971250,0
194393,1,11.1,4050217,0
90066,17,16.4,2570001,0
112857,19,29.4,4496123,0
129633,22,0.3,1538035,0
28021,10,0.7,2098012,0
109334,10,3.3,2572055,0
20887,23,3.9,6454819,0
48136,11,6.4,3619391,0
1180712,7,30.2,5337226,1
58861,8,37.4,2506047,0
61663,7,26.3,2285144,0
359953,2,1.8,1176576,0
30378,23,9.4,2935397,0
63570,14,6.8,5552539,0
374650,10,10.9,7646900,0
27236,23,0.9,2954848,0
36903,18,20.4,2772641,0
146523,16,0.2,4394180,0
73578,12,2.6,4108816,0
126542,18,75.9,3522214,0
486085,9,149.4,2947529,1
117227,15,36.3,2746412,0
17077,14,4.4,3589456,0
69633,0,2.3,7981602,0
15807,15,5.9,3628956,0
230473,21,1.1,3147462,0
93929,1,0.5,1162967,0
128308,1,4.4,5592720,0
205548,11,4.0,3862689,0
142322,9,0.3,1423265,0
178011,12,6.2,4426993,0
771453,13,19.2,5765194,0
84902,9,35.4,3891001,0
33009,3,13.7,3156523,0
199926,11,18.8,4488250,1
78856,20,3.2,1693014,0
67151,4,3.5,5398010,0
41235,23,11.8,2150203,0
56934,10,1.3,2290401,0
45415,8,2.3,3202069,0
42126,4,16.0,4568173,0
440036,1,0.9,2133351,0
106940,1,0.3,2148829,1
962892,1,10.2,4106244,1
61774,17,19.2,11279117,0
153835,13,16.0,3323438,0
749412,21,7.3,10071894,0
261527,1,8.9,3371360,0
165562,6,4.3,3195206,0
45629,14,10.5,8270244,0
112919,18,8.3,3790695,0
28151,0,24.7,2981488,0
469886,17,10.0,3673299,0
231481,12,31.1,3533595,0
78909,10,4.7,6388138,0
2624146,19,8.1,2672568,0
196497,21,15.6,2402938,0
3868220,1,5.9,2144473,1
100663,16,1.4,2798977,0
169619,9,8.9,3873558,0
3233225,1,125.7,2136474,1
111025,6,14.1,3730693,0
5906180,3,16.6,5120168,1
54196,16,2.1,2827066,0
1146032,4,7.5,2448225,0
212515,12,15.7,1777026,1
45618,10,17.1,2246471,0
241921,2,21.4,1857535,1
494623,21,354.0,2613856,1
41554,19,6.5,1963840,0
73043,8,6.3,3477811,0
429924,19,0.5,1942541,0
62226,8,18.0,3550037,0
138894,8,28.4,4820317,0
71082,7,50.1,3145129,0
31707,21,17.8,1921700,0
43411,15,9.4,4992336,0
60819,4,9.5,3548422,0
63942,15,0.3,3559957,0
49103,1,135.8,1726529,1
13418,18,17.6,5554905,0
294914,1,122.5,3165858,1
55895,21,30.7,6980198,0
283503,11,10.3,1274018,0
746419,1,15.5,2180597,1
121569,3,1.7,3029036,0
49937,2,32.8,2867997,0
49954,18,28.1,4765289,1
248104,2,16.7,1800440,0
755892,4,15.3,2838342,0
139508,3,14.7,2813743,0
138479,5,21.2,3391200,0
74187,7,2.2,5423056,0
94172,4,10.5,2124303,0
929140,3,19.4,4351756,1
183839,3,220.4,2519806,1
768939,22,6.3,1354240,1
177850,11,10.2,2316736,0
344973,6,6.3,4845782,0
134980,10,0.5,4244289,0
379175,13,10.6,4540057,0
9938,0,4.4,2250951,0
264501,16,7.7,9136764,0
17232,16,5.7,1186613,0
31263,10,16.3,4226485,1
94007,16,1.7,4204894,0
119176,16,0.6,4904461,0
23504,3,31.2,2684104,0
65893,10,21.2,2194995,0
135349,13,27.1,1989824,0
63705,18,11.9,5161507,0
206988,19,16.6,2180255,0
29089,8,21.7,2588856,0
51584,10,0.7,1318123,0
53658,10,4.5,3419770,0
51481,7,13.2,4024036,1
63725,12,6.4,4197781,0
233461,15,9.2,3946826,0
99447,7,25.4,2353796,0
74595,16,7.5,1818818,0
3133340,1,6.0,2834964,1
94808,18,25.7,950000,0
527993,19,11.3,3966522,0
164885,21,0.9,4714738,0
490616,6,0.2,3762180,0
426411,11,10.5,2565564,0
316847,3,3.2,1842221,0
66902,17,6.1,2902000,0
98180,3,1.3,2425276,0
191417,20,11.6,1765750,0
171212,23,4.1,1940931,0
74788,19,6.7,5215425,0
270089,16,3.6,4900332,0
131237,13,84.6,2362851,1
90265,4,42.2,4889863,0
334494,22,8.5,3515476,0
58014,17,17.8,2704529,0
346362,1,0.4,3313568,0
20915,7,1.5,2926543,0
108325,11,8.8,2809582,0
137002,19,1.7,2925371,0
545919,19,1.3,2507213,0
94074,15,8.0,2791380,0
247577,12,3.9,4065082,0
108568,4,8.9,7554438,0
35509,22,6.6,3779201,0
83940,3,7.9,5220943,0
162907,15,9.9,4828520,0
219948,10,6.4,1569437,0
180383,3,34.5,3764124,0
94443,5,9.5,3680725,0
56134,17,0.5,4786367,0
180761,9,18.5,2517291,0
261622,21,1.8,2886579,0
626487,18,1.4,8807159,0
56792,19,3.2,2876624,0
57793,10,27.1,12395334,0
81292,23,1.1,4601979,0
131374,11,9.7,3269181,0
292467,3,0.1,6556972,0
276607,2,22.8,6821006,0
317706,3,4.2,2125052,0
142379,16,0.7,10195274,0
135718,4,25.1,2853176,0
364388,18,35.5,8096565,0
123829,11,22.2,5328895,0
166161,2,5.5,4936576,0
111951,10,14.3,3094143,0
91316,16,6.0,2523087,0
129095,20,17.2,3310341,0
74415,17,0.9,4311003,0
122793,13,0.8,1939174,0
12780,13,5.3,3712186,0
1548984,1,0.2,3102913,1
34181,8,6.0,7901055,0
83682,5,21.5,7491776,0
799313,22,7.1,1437074,0
27273,14,7.5,3087551,0
45876,16,7.1,8855898,0
745965,6,9.0,1131449,0
26494,9,9.3,2833793,0
272663,12,24.3,5776597,0
32697,15,5.6,3337801,0
5882,0,2.4,2207849,0
78655,15,30.3,2829060,0
266737,21,13.0,1881325,0
174598,6,41.5,6465625,0
24582,12,17.8,2538837,0
72771,12,9.4,3521510,0
88895,18,16.2,4179851,0
52886,1,7.9,1989005,0
147155,0,13.0,2016427,0
48095,20,3.2,9002079,0
102426,5,2.4,2221077,0
67231,1,0.6,3505355,0
36511,6,3.2,2728695,0
286249,4,1.2,7676981,0
1626077,20,4.3,3045331,0
200183,13,0.3,4965524,0
241324,2,32.9,8536764,0
384978,7,4.9,4458514,0
17908,5,2.0,10417802,0
94918,9,29.5,1383379,0
35893,3,1.4,2346606,0
61437,14,14.2,6117022,0
55147,20,16.5,1806369,0
215739,1,4.7,2484598,0
62382,3,29.7,5706255,0
6043175,0,160.7,1722619,1
167153,18,16.6,5935165,0
273844,23,3.7,4329894,0
48250,17,1.7,5417914,0
36573,23,52.1,1936896,0
220376,7,9.4,4620336,0
185728,18,37.3,4845695,0
129559,0,2.0,3498481,0
203557,19,33.3,3075642,0
42251,13,17.2,2433081,0
120470,6,0.8,3044759,0
47149,18,2.8,6933988,0
191862,10,5.0,4407331,0
415905,4,21.1,2143747,1
20232,14,16.1,4427788,0
35156,9,28.1,3743972,0
252101,23,4.8,1010787,0
84845,15,61.7,1680059,0
76226,8,48.3,2165683,0
21205,9,1.9,1719389,0
142332,8,25.5,6406056,0
153278,11,11.5,1962312,0
78697,3,5.9,5668341,0
73439,8,4.1,2519328,0
265992,3,11.0,3320875,0
22886,15,4.5,5822365,0
95353,5,22.7,1847672,0
360340,13,9.6,4146971,0
1254302,18,72.2,4136233,1
65338,6,28.7,12485711,0
88137,7,3.3,4970960,0
95452,19,24.7,3982926,0
20306,0,1.5,4490858,0
266836,2,19.2,3354066,0
83842,8,6.5,3721628,0
72530,21,15.5,1712660,0
122373,23,0.8,2794818,0
45255,8,4.4,3369621,0
74487,8,2.5,3938256,0
631665,13,12.6,7065058,0
74762,4,9.2,2808495,0
315977,16,7.3,1588195,0
110791,14,3.1,7686963,0
117251,10,6.9,2304718,0
1259902,21,15.7,3389038,0
47172,11,3.6,4821180,0
704125,5,6.0,1962996,1
43550,19,1.4,4293620,0
258058,22,1.1,1812867,1
66514,15,35.4,3815558,0
87999,4,12.2,1508763,0
33069,1,3.1,5771643,0
337415,16,1.8,7079835,0
1557212,5,206.7,3352213,1
22666,7,50.3,3304428,0
111048,11,8.2,3427566,0
74578,16,2.4,4758871,0
111250,14,0.8,5484992,0
556782,20,3.9,1776223,0
287320,16,2.6,1445137,0
186511,9,26.2,1870844,0
131576,1,5.1,2389875,0
68969,10,24.0,4608052,0
223186,0,12.9,1523546,0
457030,2,4.2,2461513,0
777838,2,4.3,2913381,0
34369,8,16.7,2911098,0
411792,6,14.3,5323893,0
36467,13,21.4,2303274,0
66257,1,0.1,1397938,0
127464,16,2.3,8381060,0
32182,10,15.6,5667386,0
16527,23,13.4,11297098,0
220728,19,4.3,8429128,0
202018,11,2.1,4113134,0
73630,19,3.2,4131041,0
195322,4,3.3,5075200,0
411899,21,0.5,1103409,0
72841,2,12.3,2372169,0
83427,19,13.3,3597579,0
112956,14,21.8,1620680,0
161443,1,0.2,7035320,0
125451,10,20.8,4695205,0
303132,12,7.4,9663225,0
411965,12,31.3,5141370,0
66581,11,0.2,2833527,0
24368,17,2.0,3825888,0
184779,0,3.0,1240008,0
72346,23,13.7,4574142,0
977266,21,69.0,5114859,1
120632,0,20.2,2737014,0
53225,1,8.1,1743364,0
862644,21,6.3,2984460,0
520248,1,0.5,7822694,0
257784,2,9.2,2402616,0
33388,13,1.9,11038711,0
84172,0,2.7,4734286,0
277317,10,0.4,1918225,0
36670,20,7.4,2974339,0
16079,20,14.4,2489381,0
272115,7,5.9,2979169,0
65723,20,16.3,8120773,0
124501,8,2.5,4318909,0
212459,6,1.7,16000000,0
332931,9,7.7,4576707,0
3229407,20,20.1,2544319,0
679893,14,43.0,2602683,0
50834,4,0.3,2662894,0
210859,14,2.3,4363299,0
129113,1,11.1,1506727,0
18061,22,2.0,1668127,0
76706,18,41.1,2924414,1
113280,18,2.8,1784653,0
69037,4,2.6,2122729,0
38635,2,19.7,8202281,0
91405,12,9.8,4906900,0
80513,17,11.0,2046112,0
99494,2,20.7,1398346,0
350097,15,11.3,5175023,0
291168,13,1.0,2547150,0
105059,11,24.3,3748755,0
1239647,3,12.7,1445108,0
18001,21,3.6,4016511,0
33837,2,10.8,1303284,0
43815,0,3.6,4314160,0
78291,20,5.0,2890939,0
82243,9,1.2,5037985,1
493901,19,0.4,9346132,0
67370,10,1.4,3948410,0
71842,23,14.9,9166861,0
272278,2,2.4,1643486,0
97507,23,23.3,10927290,0
91310,13,43.9,6336435,0
78817,23,13.9,1586007,0
72132,2,8.8,5402604,0
307599,8,1.1,7645407,0
154841,12,0.3,14391113,0
182293,14,15.8,4072810,0
49634,13,15.4,1398022,0
89382,23,10.2,3638860,0
63845,20,2.8,3682825,0
663383,3,47.8,1362691,0
171571,1,1.5,4157626,0
22191,9,14.4,2817545,0
23243,20,32.2,3056318,0
3616051,1,91.3,3210561,1
189665,5,13.9,2084378,0
195518,13,6.7,1753195,0
325158,21,6.4,6415088,0
394647,10,9.3,4428776,0
1111397,5,23.2,1836998,1
542758,6,2.7,3043458,0
403702,0,15.7,6833994,0
90415,7,0.6,1766858,0
480745,16,6.4,1733620,0
37686,16,1.6,3043765,0
60611,20,18.5,4164020,0
364538,23,9.6,1497880,0
128325,7,6.2,4262010,0
38532,13,8.1,2636831,0
37279,2,43.4,4689159,0
201363,19,33.0,1833634,0
2047092,20,10.4,3700705,1
21884,20,28.1,3542313,0
158922,9,12.7,6606965,0
213310,17,4.3,1485266,0
815268,14,429.6,1031295,1
52787,1,38.7,2274816,0
41523,13,11.2,2607561,0
652036,3,5.3,13732096,0
83634,18,3.4,1991811,0
209021,19,3.9,8265038,0
458700,16,54.8,2786985,0
65131,2,30.0,3570008,0
46291,1,11.0,2089489,0
701003,3,0.4,2537997,0
63910,12,6.5,3512805,0
27642,9,4.9,3377396,0
70643,18,4.0,7208399,0
58509,20,6.9,1982528,0
278817,0,15.4,6263207,0
249849,18,12.2,4922416,0
79382,4,1.6,1014364,0
113063,13,44.7,8744881,0
111040,5,0.8,5184700,0
79945,2,13.3,3308906,0
152200,4,4.7,2049944,0
62387,8,3.7,5719379,0
122202,5,8.2,1418681,0
175573,10,6.6,1580553,0
165718,3,36.4,1476557,1
55363,4,2.8,11969281,0
53953,23,5.6,1903268,0
75372,14,36.3,2627439,0
117917,15,3.3,3455774,0
132277,9,5.4,1380335,0
142207,21,6.3,5322700,0
254141,8,2.3,1166863,0
73142,22,41.3,3105834,0
83959,3,7.8,2338733,0
334450,17,14.4,2156480,0
91627,14,0.5,3866308,0
50242,5,8.0,1116258,0
49903,17,10.5,2113638,0
620531,14,9.7,2989955,0
50328,6,4.7,2937923,0
104209,1,0.6,15151499,0
85592,20,15.5,2216687,0
268675,14,36.9,6704301,0
60015,17,7.0,6130296,0
82829,23,24.9,2250538,0
49160,5,0.4,2309562,0
29528,15,24.1,1825798,0
166607,1,17.1,3589293,0
16104,18,0.5,2956074,0
643710,4,3.3,4116665,0
100702,14,1.5,1863082,0
51702,7,11.0,2576743,0
213075,0,0.1,3267437,0
2189710,15,90.9,1768308,1
141601,12,3.5,4351180,0
311511,12,9.6,7539948,0
28272,9,32.7,9808303,1
192619,22,5.2,1453126,0
198104,19,27.5,2607428,0
215715,16,0.7,4013973,0
65436,22,2.4,4684162,0
115610,14,58.9,3021445,0
60222,18,4.8,3895223,0
215299,4,2.0,4159970,0
162730,5,14.1,3411778,0
91894,21,33.5,5833003,0
80306,21,9.9,1039288,0
498833,22,11.0,2805451,0
85783,17,1.3,2881217,0
146757,15,2.9,9238411,0
239959,5,27.7,2513016,1
260152,6,5.0,8529322,0
111727,13,5.1,3929353,0
282020,11,7.1,3048280,0
278513,9,7.1,2687576,0
255344,14,32.8,11283870,0
49634,19,2.2,4483661,0
58863,15,0.6,7550491,0
210284,0,13.4,5552614,0
457564,13,0.9,2189195,0
80450,8,23.6,10659187,0
128151,21,12.4,6888106,0
347357,8,2.7,5698871,0
154825,18,0.3,4972976,0
1194292,0,121.8,2111024,1
1560337,1,171.4,2760618,1
55947,16,0.5,4383681,0
364930,5,29.1,4188691,0
34399,20,28.1,4905106,0
84714,4,11.1,1398047,0
306716,5,19.2,3123958,0
29550,0,8.2,3156535,0
192492,1,19.2,1884317,0
122499,3,1.2,2607685,0
297149,14,11.8,3406613,0
24853,15,1.0,1293224,0
439167,10,6.0,3395619,0
76307,9,17.3,7955813,0
267015,13,6.6,1522546,0
52127,15,9.6,3847911,0
1945484,1,1.1,1963034,0
56170,4,5.5,10771424,0
152070,7,9.2,2071541,0
110744,2,11.8,2664262,0
506883,0,8.3,2830408,0
126080,13,0.9,3124386,0
18263,9,15.5,6275917,0
78649,21,6.3,2771720,0
761863,5,1.1,9429235,0
185417,22,16.7,1779827,0
67646,4,16.0,3965037,0
35493,5,3.6,2399727,0
90323,3,34.7,1526481,0
90299,2,1.6,1830535,0
159517,2,18.8,2323797,0
122033,22,5.2,2915836,0
40049,21,16.7,4580930,0
398412,12,5.7,3168248,0
55417,17,9.4,2707292,0
308519,18,35.5,3195825,0
29222,3,3.4,3407219,0
62330,8,1.9,950000,0
68849,15,7.5,3452200,0
77761,0,8.9,2793936,0
67995,15,29.9,3212689,0
77909,12,13.4,3818291,0
249545,1,21.6,3405201,0
1060637,12,17.2,5164955,0
1077592,2,70.1,3805148,1
128657,10,6.5,8417812,0
250668,18,7.5,3143041,0
9068,8,0.3,1478400,0
50491,15,12.8,2366834,0
211124,0,23.4,2685208,0
55471,7,4.0,2926783,0
23462,17,60.8,1363864,0
82080,8,10.7,6442567,0
660067,16,5.2,2881390,0
55571,22,6.2,7926098,0
59579,13,3.8,1996050,0
419154,9,23.7,3775015,0
127091,12,20.7,7643026,0
230505,19,1.0,950000,0
194207,3,51.8,3078344,1
7344,1,5.3,4633670,0
93335,1,32.1,2080042,0
191288,12,11.2,1890612,0
51618,11,6.0,4340646,0
78379,12,14.4,1884491,0
167762,10,20.3,4505293,0
314147,19,17.6,5730031,0
360903,6,14.2,2186235,0
558701,15,3.7,3966585,0
59587,11,13.8,5305247,0
123246,11,6.8,2155051,0
98012,10,21.0,4248840,0
1422535,1,12.1,3199250,1
1421704,1,164.5,2206403,1
26305,19,8.9,3397629,0
159537,5,10.1,4234725,0
17235,21,4.0,950000,0
38317,3,1.2,4683233,0
35477,22,3.5,2057220,0
141179,8,35.7,2436299,0
15359,4,7.6,6880972,0
179044,19,13.1,4698705,0
68002,10,0.9,1920595,0
294475,14,29.8,1770980,0
195873,0,4.8,3862735,0
43229,18,9.4,3843244,0
174182,13,0.5,2418911,0
330349,11,8.1,2761118,0
220533,23,1.5,2395442,0
3956,0,1.3,14405286,0
40644,1,3.6,9158106,0
14870,4,15.3,5150265,0
47900,8,9.1,1735881,0
287819,7,16.1,6538745,0
64231,12,3.9,4313803,0
200995,8,11.8,6427216,0
35108,2,0.0,6524270,0
528758,12,1.2,3574082,0
535769,21,11.2,4987334,0
84623,7,14.0,4231225,0
62554,1,3.2,3018550,0
46774,11,1.6,5244078,0
564104,3,9.5,3214056,0
294877,15,3.4,8994081,0
26323,11,10.7,1853248,0
52373,6,8.5,3690556,0
297438,20,0.4,5636390,0
206016,17,23.7,1870059,0
196140,17,5.7,5445912,0
491028,22,16.6,16000000,0
522070,13,10.0,3169273,0
7264,6,1.8,3500373,0
44270,16,23.0,4411773,0
135026,17,3.5,6473648,0
75459,13,1.5,6044581,0
464703,3,147.2,6914976,1
107351,4,10.7,2460103,0
7801,19,18.4,2403901,0
144218,7,3.8,1423124,0
33039,4,14.3,1667922,0
169223,23,19.4,1819150,0
218820,0,14.0,4630515,0
42110,17,18.0,4051983,0
84232,7,4.3,1515663,0
340920,7,1.2,6843468,0
93450,8,35.4,6337795,0
719666,3,4.7,2450633,0
37017,16,19.8,4050400,0
301030,8,0.5,4739716,0
65035,5,1.6,3050405,0
43862,22,5.9,1851374,0
38832,19,7.9,3919781,0
1221909,4,0.7,3174985,0
1066418,18,161.0,5423062,1
113466,6,9.4,8500228,0
76710,4,17.6,3120704,0
362088,19,4.3,3294023,0
200937,20,17.3,2913614,0
346793,8,4.7,4795531,0
84606,11,20.0,4964252,0
413682,7,6.9,3116295,0
77782,16,22.2,2599592,0
736817,7,5.9,3993968,0
565218,10,15.7,2912364,0
44363,12,10.2,1227940,0
136601,11,7.7,4858269,0
197332,14,16.3,2391296,1
509299,10,14.9,4254257,0
64230,9,63.3,1984178,0
75771,21,31.2,5238328,0
194339,1,31.9,2408850,0
106408,1,6.6,1352066,0
68420,21,17.1,3339656,0
294786,15,8.6,1023487,0
709838,10,15.7,2963532,0
24059,18,14.9,3010083,0
198861,19,14.8,5769595,0
31775,4,34.6,6377933,0
106997,8,2.9,6203240,0
160878,22,1.5,5007600,0
939454,6,59.2,2034100,1
33568,20,6.0,2456986,0
75236,5,7.2,10749762,0
269851,20,0.8,1855179,0
194257,3,21.1,4717762,0
51178,0,0.0,3663701,0
34867,6,0.9,1343658,0
259816,6,18.0,3279885,0
67317,18,7.1,4154912,0
55929,4,0.2,7611350,0
1060966,3,165.7,1777765,1
115120,7,37.9,2529066,0
204601,9,9.0,2893144,0
197696,12,32.1,1420435,0
30360,19,12.4,2300494,0
175236,14,3.1,3214736,0
228603,18,3.1,7659061,0
63826,7,10.6,4498940,0
43364,10,4.9,3926752,0
100020,15,5.2,1753042,0
15465,12,21.8,2895105,0
96617,18,3.4,2607855,0
844629,10,20.4,1975300,1
994561,16,6.5,4365735,0
469653,18,0.3,5584218,0
1045091,5,20.8,2681245,0
3093962,3,98.9,6500378,1
126963,23,6.3,1631346,0
54753,4,1.1,4498459,0
50665,17,7.9,3240592,0
27637,11,1.0,6130520,0
90534,18,5.5,5668299,0
21827,21,0.5,3581858,0
232483,5,8.1,3477858,0
297370,17,1.9,10406150,0
3090536,21,13.9,2704417,0
21242,21,1.4,2588732,0
285319,1,17.0,2266531,0
156619,18,23.8,1161389,0
66621,16,61.7,1209160,0
52427,10,33.8,4570142,0
58765,8,2.8,4796457,0
469129,1,5.7,1559507,0
151330,3,0.9,3003745,0
548713,2,81.5,1212299,0
124857,2,33.4,4382513,0
43450,8,8.6,1404557,0
124079,8,19.8,1877098,0
22836,7,38.5,4064336,0
103240,10,2.6,5700480,0
428962,16,17.4,1097738,0
40845,11,5.8,970711,0
570839,0,8.8,4637845,0
165440,22,15.5,2165593,0
33287,2,7.5,3779158,0
341080,1,52.6,2892853,1
69368,10,2.0,3428746,0
198746,21,1.4,4402957,0
43101,8,29.4,2092046,0
414249,13,3.0,3831656,0
385369,1,11.5,6100754,0
61132,8,3.8,3137867,0
319237,5,0.4,3904623,0
404129,20,57.3,3381445,1
1084204,0,2.2,4309895,0
57584,8,6.5,3924273,0
45021,3,9.4,8397010,0
328407,22,3.1,2844434,0
73208,20,0.6,6831838,0
193368,6,0.5,6339645,0
552237,2,110.0,6977217,1
240581,14,8.1,3791846,0
233142,20,11.4,1332886,0
305557,19,11.0,2080039,0
22843,14,4.0,2320688,0
201885,16,2.8,1464161,0
22180,5,25.4,3145269,0
132541,3,9.5,1794711,0
322750,2,129.2,1430700,1
422286,3,63.0,2403325,1
113136,4,20.5,3574668,0
30202,4,0.8,5384210,0
27838,20,10.6,2426724,0
136351,16,0.1,2231275,0
160124,19,1.2,7969298,0
312422,7,8.5,2951080,0
170597,12,1.3,3615474,0
92335,18,14.5,5971999,0
117147,9,10.5,1335463,0
42803,8,28.7,7786882,0
29082,16,1.4,2599163,0
56320,6,3.5,1980517,0
121701,3,7.9,2174832,0
434520,21,3.3,3013510,0
36315,0,2.8,8062469,0
36719,14,6.8,2399495,0
147735,2,10.4,950000,0
33448,8,1.4,5281004,0
63718,18,12.3,2972751,1
90905,10,2.9,3169325,0
79630,22,4.2,3089017,0
406220,0,26.5,7273864,0
705262,21,9.7,3670918,0
260918,23,8.2,4166284,0
384301,20,5.0,6809261,0
59306,8,27.7,3465406,0
431976,8,5.7,2588469,0
147538,6,0.9,4299615,0
25310,22,1.3,7259044,0
47824,14,5.6,7732599,0
39084,7,4.1,3521604,0
111032,16,7.0,5745581,0
81197,2,4.3,15799936,0
101482,6,9.9,3092515,0
199651,18,56.2,8907023,0
10333,16,0.0,5113637,0
424479,13,8.2,2846780,0
207134,5,235.8,4192511,1
197648,21,8.7,2850890,0
88611,9,0.5,11183236,0
38552,15,20.9,1370261,1
1293949,2,28.4,2893413,0
79972,6,1.9,9932028,0
311877,13,25.0,3434153,0
221797,23,5.5,3567578,0
688974,16,4.1,3695901,0
365724,2,200.5,3286608,1
174875,6,14.8,4553139,0
36300,19,19.6,3854472,0
81222,2,8.4,9596722,1
14292,19,5.2,6247033,0
195376,1,2.4,4152594,0
54459,18,19.7,4441893,0
1012130,11,46.0,1910017,0
40389,15,35.0,2670430,0
185514,1,3.0,5276575,0
72016,20,5.4,4740844,0
34772,14,11.8,1670422,0
61558,14,2.2,1704176,0
475732,1,4.8,1715697,0
921075,4,0.5,2696211,0
762519,6,5.3,6471767,0
64921,3,1.0,3387425,0
15263,13,1.3,3462915,0
213753,4,30.0,2094067,0
130779,8,4.4,2279549,0
119063,23,34.3,2406534,0
111364,0,12.5,8154738,0
121617,2,22.8,3424116,0
1314106,5,92.8,1348271,1
71948,0,15.0,1990843,0
42765,22,12.9,5668778,0
121845,16,14.9,4120984,0
48936,17,5.6,3382730,0
104887,13,4.5,1993827,0
162950,1,7.3,3286238,0
108483,3,6.2,6943615,0
41976,19,7.7,5329564,0
727932,8,33.5,2871430,0
207732,20,0.9,3613017,0
135584,19,0.1,3840679,0
202384,2,8.1,5048585,0
39916,0,0.9,2432721,0
516681,3,11.7,8273449,0
144194,14,8.4,2229318,0
393131,15,5.8,6191839,0
72081,4,2.1,1884281,0
1693869,17,11.0,3947644,1
123157,12,3.0,2373995,0
302467,13,18.3,3504202,0
17677,12,10.7,4399356,0
732429,11,1.8,1854244,0
108555,16,8.4,4666661,0
82549,20,8.5,7558268,0
165658,7,1.8,1415842,0
40033,2,22.5,2927931,0
587857,14,8.8,3310097,0
128677,18,8.2,4383766,0
45831,15,27.6,2134010,0
323972,22,1.9,3605849,0
536753,22,30.2,4863053,0
441880,6,2.9,1501688,0
135034,17,7.9,2493611,0
269920,9,6.2,2920954,0
36863,5,13.2,3333687,0
63983,4,0.1,3341118,0
117593,2,31.0,2725172,0
331024,9,0.6,4139717,0
45862,4,20.2,3281900,0
543510,1,92.0,3683817,1
283167,5,5.0,4252168,0
431805,17,19.7,9311332,1
163675,21,0.1,11856392,0
2774299,0,169.5,2647792,1
49136,20,1.3,3866302,0
36824,21,44.6,2520775,0
31511,2,8.9,1872742,0
18774,4,14.6,2304007,0
185272,11,6.9,1751151,0
195739,10,0.3,3078547,0
36509,9,15.9,7354641,0
253153,16,12.0,1685702,0
28578,9,26.8,7258776,0
173190,0,3.3,8367390,0
103540,22,10.0,6003091,0
257320,16,11.7,3983234,0
55185,8,8.3,2752502,0
129754,3,7.1,3155888,0
469698,13,13.4,2397818,0
18750,6,6.2,3680363,0
1822183,8,20.2,1373099,0
703497,22,5.9,3598896,0
184039,5,142.0,3216732,1
204612,6,2.0,3941488,0
79457,22,12.3,2414404,0
120736,3,21.1,2213669,0
193238,20,5.8,1782060,0
53011,7,12.4,2356893,0
1135767,5,260.8,9130475,1
377204,0,5.3,4316746,0
73111,14,25.6,2356029,0
29054,4,4.1,5448369,0
40922,23,4.3,4003453,0
117508,18,13.3,2431682,0
1140286,8,1.7,1568878,0
223489,22,6.5,4667692,0
111917,2,1.2,3556701,0
552863,9,17.3,3379031,0
427607,17,2.4,5420585,0
221460,15,35.9,2516111,0
46877,15,21.3,1331690,0
154797,0,4.2,1760419,0
183955,23,14.7,3987372,0
112578,4,2.0,4598496,0
134756,10,7.2,5575194,0
53207,0,14.9,1586328,0
138019,5,8.5,11865040,0
425545,7,3.6,3251558,0
18137,4,29.8,1441661,0
377242,8,0.4,4277720,0
144976,3,18.6,1319334,0
321533,11,16.6,5258835,0
101990,11,17.0,3625349,0
158254,2,6.8,2933915,0
83708,6,1.3,5399363,0
50975,20,11.5,12141705,0
93166,8,18.0,2508051,0
218266,23,17.7,5516919,0
15644,7,24.6,1753617,0
126931,12,5.9,1596448,0
354460,1,30.8,2718568,0
103146,22,2.8,4250184,0
250333,20,10.7,4884316,0
1521112,0,25.8,4962345,0
261343,21,33.2,4146529,0
60918,17,2.0,5330771,0
1105513,7,23.1,5538669,0
553207,18,29.5,2946759,0
482840,2,1.3,4682075,0
